State,University,Town
Illinois,University of Chicago,Chicago
Illinois,University of Illinois at Urbana-Champaign,Champaign 
Illinois,Northwestern University,Evanston 
Illinois,University of Illinois at Chicago,Chicago 
Illinois,Northern Illinois University,DeKalb
Illinois,DePaul University,Chicago
Illinois,Loyola University Chicago,Chicago
Illinois,Illinois Institute of Technology,Chicago
Illinois,Southern Illinois University Carbondale,Carbondale 
Illinois,Illinois State University,Normal
Illinois,Southern Illinois University Edwardsville,Edwardsville 
Illinois,Wheaton College,Wheaton
Illinois,Eastern Illinois University,Charleston
Illinois,Bradley University,Peoria
Illinois,Western Illinois University,Macomb 
Illinois,University of Illinois at Springfield,Springfield 
Illinois,DeVry University,Chicago 
Illinois,Columbia College Chicago,Chicago
Illinois,Illinois Wesleyan University,Bloomington
Illinois,Northeastern Illinois University,Chicago
Illinois,Elmhurst University,Elmhurst
Illinois,Roosevelt University,Chicago 
Illinois,School of the Art Institute of Chicago,Chicago
Illinois,National Louis University,Chicago 
Illinois,Benedictine University,Lisle
Illinois,Augustana College,Rock Island
Illinois,North Central College,Naperville 
Illinois,Knox College,Galesburg 
Illinois,Midwestern University,Downers Grove 
Illinois,Olivet Nazarene University,Bourbonnais
Illinois,North Park University,Chicago
Illinois,Lewis University,Romeoville
Illinois,Governors State University,University Park
Illinois,Chicago State University,Chicago
Illinois,Lake Forest College,Lake Forest
Illinois,Millikin University,Decatur
Illinois,Dominican University,River Forest
Illinois,Aurora University,Aurora 
Illinois,University of St. Francis,Joliet
Illinois,Saint Xavier University,Chicago
Illinois,Trinity International University,Deerfield 
Illinois,Chamberlain University,Addison 
Illinois,Moody Bible Institute,Chicago
Illinois,Quincy University,Quincy
Illinois,McKendree University,Lebanon
Illinois,Greenville University,Greenville
Illinois,Rosalind Franklin University of Medicine and Science,North Chicago
Illinois,Concordia University Chicago,River Forest
Illinois,National University of Health Sciences,Lombard 
Illinois,Adler University,Chicago 
Illinois,Trinity Christian College,Palos Heights
Illinois,Illinois College,Jacksonville
Illinois,Judson University,Elgin 
Illinois,Rockford University,Rockford 
Illinois,Lincoln College,Lincoln
Illinois,Blackburn College,Carlinville
Illinois,Principia College,Elsah
Illinois,Eureka College,Eureka 
Illinois,Monmouth College,Monmouth
Illinois,Lincoln Christian University,Lincoln
Illinois,MacMurray College,Jacksonville
Illinois,Rush University,Chicago
Illinois,Illinois College of Optometry,Chicago
Illinois,Blessing-Rieman College of Nursing and Health Sciences,Quincy
Illinois,VanderCook College of Music,Chicago
Illinois,East-West University,Chicago
Illinois,Oak Point University,Chicago
Illinois,Lake Forest Graduate School of Management,Lake Forest
Illinois,Saint Augustine College,Chicago
Illinois,Lakeview College of Nursing,Danville
Illinois,Methodist College,Peoria
Illinois,Trinity College of Nursing & Health Sciences,Rock Island
Illinois,Saint Francis Medical Center College of Nursing,Peoria
Illinois,Saint Anthony College of Nursing,Rockford
Colorado,University of Colorado Boulder,Boulder
Colorado,Colorado State University,Fort Collins
Colorado,University of Denver,Denver
Colorado,University of Colorado Denver,Denver
Colorado,Colorado School of Mines,Golden
Colorado,University of Colorado Colorado Springs,Colorado Springs
Colorado,Colorado College,Colorado Springs 
Colorado,University of Northern Colorado,Greeley
Colorado,United States Air Force Academy,Colorado Springs
Colorado,Metropolitan State University of Denver,Denver
Colorado,Regis University,Denver
Colorado,Colorado Christian University,Lakewood
Colorado,Fort Lewis College,Durango
Colorado,Colorado Technical University,Colorado Springs 
Colorado,Colorado Mesa University,Grand Junction
Colorado,Western Colorado University,Gunnison
Colorado,Adams State University,Alamosa
Colorado,Naropa University,Boulder
Colorado,Colorado State University-Pueblo,Pueblo 
Colorado,Rocky Mountain College of Art and Design,Lakewood
Colorado,Nazarene Bible College,Colorado Springs
Colorado,Rocky Vista University,Parker
Colorado,Denver College of Nursing,Denver
Idaho,University of Idaho,Moscow
Idaho,Boise State University,Boise
Idaho,Idaho State University,Pocatello 
Idaho,Brigham Young University-Idaho,Rexburg
Idaho,Northwest Nazarene University,Nampa
Idaho,Lewis-Clark State College,Lewiston 
Idaho,The College of Idaho,Caldwell
Idaho,Boise Bible College,Boise 
Florida,University of Florida,Gainesville
Florida,University of South Florida,Tampa 
Florida,Florida State University,Tallahassee 
Florida,University of Central Florida,Orlando 
Florida,University of Miami,Coral Gables 
Florida,Florida International University,Miami
Florida,Florida Atlantic University,Boca Raton 
Florida,Nova Southeastern University,Fort Lauderdale 
Florida,Embry-Riddle Aeronautical University,Daytona Beach 
Florida,University of North Florida,Jacksonville
Florida,Florida Institute of Technology,Melbourne
Florida,Stetson University,DeLand
Florida,Miami Dade College,Miami
Florida,Florida Gulf Coast University,Fort Myers
Florida,University of West Florida,Pensacola 
Florida,Rollins College,Winter Park
Florida,Florida Agricultural and Mechanical University,Tallahassee
Florida,Valencia College,Orlando
Florida,Broward College,Fort Lauderdale
Florida,Barry University,Miami 
Florida,The University of Tampa,Tampa
Florida,Saint Leo University,Saint Leo 
Florida,St Petersburg College,Clearwater
Florida,Jacksonville University,Jacksonville
Florida,Eckerd College,Saint Petersburg 
Florida,Florida Southern College,Lakeland
Florida,Santa Fe College,Gainesville
Florida,Keiser University,Fort Lauderdale
Florida,Flagler College,St. Augustine 
Florida,Lynn University,Boca Raton
Florida,Seminole State College of Florida,Sanford
Florida,Bethune-Cookman University,Daytona Beach
Georgia,Georgia Institute of Technology,Atlanta
Georgia,University of Georgia,Athens
Georgia,Emory University,Atlanta
Georgia,Georgia State University,Atlanta
Georgia,Kennesaw State University,Kennesaw 
Georgia,Georgia Southern University,Statesboro 
Georgia,Savannah College of Art and Design,Savannah 
Georgia,Augusta University,Augusta
Georgia,Mercer University,Macon 
Georgia,University of West Georgia,Carrollton
Georgia,Morehouse College,Atlanta
Georgia,Valdosta State University,Valdosta
Georgia,Agnes Scott College,Decatur
Florida,Florida State College at Jacksonville,Jacksonville
Florida,Ringling College of Art and Design,Sarasota
Florida,St. Thomas University,Miami Gardens
Florida,Southeastern University,Lakeland
Florida,Palm Beach State College,Lake Worth
Florida,Palm Beach Atlantic University,West Palm Beach 
Florida,New College of Florida,Sarasota
Florida,Daytona State College,Daytona Beach
Florida,Polk State College,Winter Haven
Florida,State College of Florida-Manatee-Sarasota,Bradenton
Florida,Edward Waters University,Jacksonville
Florida,Ave Maria University,Ave Maria
Florida,AdventHealth University,Orlando
Florida,Florida SouthWestern State College,Fort Myers
Florida,Indian River State College,Fort Pierce 
Florida,Gulf Coast State College,Panama City
Florida,College of Central Florida,Ocala
Florida,Florida National University,Hialeah
Florida,Florida Memorial University,Miami Gardens
Florida,Hodges University,Naples
Florida,Northwest Florida State College,Niceville
Florida,Beacon College,Leesburg
California,Stanford University,Stanford 
Georgia,Spelman College,Atlanta
Georgia,University of North Georgia,Dahlonega
Georgia,Georgia College and State University,Milledgeville 
Georgia,Clark Atlanta University,Atlanta
Georgia,Morehouse School of Medicine,Atlanta
Georgia,Columbus State University,Columbus
Georgia,Berry College,Mount Berry
Georgia,South University,Savannah
Georgia,Oglethorpe University,Atlanta
Georgia,Clayton State University,Morrow
Georgia,Middle Georgia State University,Macon
Georgia,Albany State University,Albany
Georgia,Life University,Marietta
Georgia,Brenau University,Gainesville
Georgia,Savannah State University,Savannah
Georgia,Fort Valley State University,Fort Valley
Georgia,Georgia Gwinnett College,Lawrenceville
Georgia,Georgia Southwestern State University,Americus
Delaware,University of Delaware,Newark
Delaware,Delaware State University,Dover
Delaware,Wilmington University,New Castle 
Delaware,Goldey-Beacom College,Wilmington
Florida,Pensacola State College,Pensacola
Florida,Warner University,Lake Wales
Florida,St. Johns River State College,Palatka
Florida,Everglades University,Boca Raton 
Florida,Webber International University,Babson Park
Florida,Florida College,Temple Terrace
Florida,Chipola College,Marianna
Florida,Florida Gateway College,Lake City
Florida,Trinity College of Florida,Trinity
Florida,The Baptist College of Florida,Graceville 
California,"University of California, Berkeley",Berkeley 
California,"University of California, Los Angeles",Los Angeles 
California,"University of California, San Diego",San Diego 
California,University of Southern California,Los Angeles
California,"University of California, Davis",Davis 
California,"University of California, Irvine",Irvine 
California,"University of California, Santa Barbara",Santa Barbara 
California,California Institute of Technology,Pasadena
California,"University of California, San Francisco",San Francisco 
California,"University of California, Santa Cruz",Santa Cruz 
California,"University of California, Riverside",Riverside 
California,San Diego State University,San Diego 
California,"California State University, Northridge",Northridge
Georgia,Dalton State College,Dalton
Georgia,Shorter University,Rome
Georgia,Covenant College,Lookout Mountain
Georgia,Piedmont College,Demorest
Georgia,East Georgia State College,Swainsboro 
Georgia,Wesleyan College,Macon 
Georgia,Reinhardt University,Waleska
Georgia,LaGrange College,LaGrange
Georgia,Abraham Baldwin Agricultural College,Tifton
Georgia,Paine College,Augusta
Georgia,Toccoa Falls College,Toccoa Falls 
Georgia,Brewton-Parker College,Mount Vernon
Georgia,Truett McConnell University,Cleveland
California,San José State University,San José
California,San Francisco State University,San Francisco
California,Santa Clara University,Santa Clara
California,"California Polytechnic State University, San Luis Obispo",San Luis Obispo
California,"California State University, Fullerton",Fullerton 
California,"California State University, Long Beach",Long Beach
California,"California State University, Chico",Chico
California,University of San Francisco,San Francisco
California,Pepperdine University,Malibu 
Georgia,Gordon State College,Barnesville
Georgia,Young Harris College,Young Harris
Georgia,College of Coastal Georgia,Brunswick
Georgia,"Emmanuel College, Georgia",Franklin Springs
Georgia,Atlanta Metropolitan State College,Atlanta
California,"California State University, Sacramento",Sacramento
California,University of San Diego,San Diego
California,Chapman University,Orange
California,"California State Polytechnic University, Pomona",Pomona
California,Loyola Marymount University,Los Angeles
California,Humboldt State University,Arcata
California,"California State University, San Bernardino",San Bernardino 
California,Sonoma State University,Rohnert Park
California,"California State University, Fresno",Fresno
California,Harvey Mudd College,Claremont 
California,Pomona College,Claremont
California,"University of California, Merced",Merced 
California,"California State University, Dominguez Hills",Carson 
Georgia,South Georgia State College,Douglas
Georgia,Point University,West Point
Georgia,Thomas University,Thomasville
Georgia,Beulah Heights University,Atlanta
California,"California State University, Los Angeles",Los Angeles
California,Biola University,La Mirada
California,California State University San Marcos,San Marcos 
California,University of the Pacific,Stockton 
California,Azusa Pacific University,Azusa
California,"California State University, Stanislaus",Turlock 
California,Occidental College,Los Angeles
California,Naval Postgraduate School,Monterey
California,Pitzer College,Claremont
California,"University of California, Hastings College of the Law",San Francisco
California,ArtCenter College of Design,Pasadena
California,California Institute of the Arts,Valencia
California,Claremont Graduate University,Claremont 
California,"California State University, East Bay",Hayward 
California,Academy of Art University,San Francisco
California,Claremont McKenna College,Claremont
California,"California State University, Monterey Bay",Seaside
California,National University,La Jolla
California,Golden Gate University,San Francisco 
California,California College of the Arts,San Francisco 
California,California Lutheran University,Thousand Oaks
California,Saint Mary's College of California,Moraga
California,University of Redlands,Redlands
California,Mills College,Oakland
California,"California State University, Bakersfield",Bakersfield
California,California Institute of Integral Studies,San Francisco
California,California State University Channel Islands,Camarillo
California,University of Massachusetts Global,Irvine
California,Dominican University of California,San Rafael
California,University of St. Augustine for Health Sciences,San Marcos 
California,Otis College of Art and Design,Los Angeles
California,Loma Linda University,Loma Linda
California,Whittier College,Whittier
California,California Baptist University,Riverside 
California,Westmont College,Santa Barbara
California,Western University of Health Sciences,Pomona
California,University of La Verne,La Verne 
California,Concordia University Irvine,Irvine
California,Point Loma Nazarene University,San Diego 
California,Alliant International University,San Diego 
California,Scripps College,Claremont
California,San Francisco Art Institute,San Francisco
California,Fresno Pacific University,Fresno 
California,Keck Graduate Institute,Claremont
California,Southwestern Law School,Los Angeles
California,Pacific Union College,Angwin
California,West Coast University-Los Angeles,North Hollywood
California,La Sierra University,Riverside
California,California State University Maritime Academy,Vallejo
California,Southern California Institute of Architecture,Los Angeles
California,Thomas Aquinas College,Santa Paula
California,San Francisco Conservatory of Music,San Francisco
California,Soka University of America,Aliso Viejo
California,Woodbury University,Burbank 
California,Vanguard University of Southern California,Costa Mesa 
California,California Western School of Law,San Diego
California,American Jewish University,Los Angeles 
California,The Master's University,Santa Clarita
California,University of Silicon Valley,San Jose 
California,Charles R. Drew University of Medicine and Science,Los Angeles
California,Fielding Graduate University,Santa Barbara
California,The Chicago School of Professional Psychology,Los Angeles 
California,Thomas Jefferson School of Law,San Diego
California,Holy Names University,Oakland
California,Samuel Merritt University,Oakland
California,John F. Kennedy University,Pleasant Hill 
California,NewSchool of Architecture and Design,San Diego
California,Palo Alto University,Palo Alto
California,Mount Saint Mary's University,Los Angeles
California,Hope International University,Fullerton
California,Notre Dame de Namur University,Belmont
California,Saybrook University,Pasadena
California,William Jessup University,Rocklin 
California,Menlo College,Atherton 
California,Pacifica Graduate Institute,Carpinteria 
California,Touro University California,Vallejo
California,Columbia College Hollywood,Tarzana
California,Simpson University,Redding
California,Life Pacific College,San Dimas 
California,Marshall B. Ketchum University,Fullerton 
California,University of the West,Rosemead
California,Pardee RAND Graduate School,Santa Monica
California,Marymount California University,Rancho Palos Verdes
California,Pacific Oaks College,Pasadena
California,Humphreys University,Stockton
California,Laguna College of Art and Design,Laguna Beach
California,San Diego Christian College,Santee
California,American Film Institute Conservatory,Los Angeles
California,John Paul the Great Catholic University,Escondido
California,Sofia University,Palo Alto
California,Dominican School of Philosophy & Theology,Berkeley
California,San Joaquin College of Law,Clovis
California,The Wright Institute,Berkeley
California,Dharma Realm Buddhist University,Ukiah
California,United States University,San Diego
California,Bethesda University,Anaheim
California,The University of West Los Angeles,Inglewood
California,Providence Christian College,Pasadena
California,Antioch University Santa Barbara,Santa Barbara
California,Antioch University Los Angeles,Culver City
California,Irell and Manella Graduate School of Biological Sciences,Duarte
Arkansas,University of Arkansas,Fayetteville
Arkansas,University of Arkansas at Little Rock,Little Rock
Arkansas,Arkansas State University,Jonesboro
Arkansas,University of Central Arkansas,Conway
Arkansas,University of Arkansas for Medical Sciences,Little Rock
Arkansas,Harding University,Searcy 
Arkansas,Hendrix College,Conway
Arkansas,Arkansas Tech University,Russellville
Arkansas,John Brown University,Siloam Springs
Arkansas,Southern Arkansas University,Magnolia
Arkansas,Ouachita Baptist University,Arkadelphia
Arkansas,Henderson State University,Arkadelphia
Arkansas,University of Arkansas at Monticello,Monticello
Arkansas,University of Arkansas at Pine Bluff,Pine Bluff
Arkansas,Lyon College,Batesville
Arkansas,University of Arkansas - Fort Smith,Fort Smith
Arkansas,University of the Ozarks,Clarksville
Arkansas,Philander Smith College,Little Rock
Arkansas,Arkansas Baptist College,Little Rock
Arkansas,Central Baptist College,Conway
Arkansas,Williams Baptist University,Walnut Ridge
Arkansas,Crowley's Ridge College,Paragould
Arkansas,Ecclesia College,Springdale
District of Columbia,Georgetown University,Washington
District of Columbia,George Washington University,Washington 
District of Columbia,American University,Washington
District of Columbia,Howard University,Washington
District of Columbia,The Catholic University of America,Washington
District of Columbia,Gallaudet University,Washington
District of Columbia,Strayer University,Washington 
District of Columbia,National Defense University,Fort Lesley J McNair
District of Columbia,University of the District of Columbia,Washington
District of Columbia,Trinity Washington University,Washington
District of Columbia,The Institute of World Politics,Washington
District of Columbia,University of the Potomac,Washington 
District of Columbia,Pontifical Faculty of the Immaculate Conception,Washington
Arizona,Arizona State University,Tempe 
Arizona,The University of Arizona,Tucson
Arizona,Northern Arizona University,Flagstaff 
Arizona,Grand Canyon University,Phoenix
Arizona,Prescott College,Prescott
Arizona,University of Advancing Technology,Tempe
Arizona,Arizona Christian University,Phoenix
Arizona,The School of Architecture,Cosanti
Hawaii,University of Hawaii at Manoa,Honolulu
Hawaii,Hawaii Pacific University,Honolulu
Hawaii,Brigham Young University-Hawaii,Laie
Hawaii,Chaminade University of Honolulu,Honolulu
Hawaii,University of Hawaii at Hilo,Hilo
Hawaii,University of Hawaii-West Oahu,Kapolei
Alaska,University of Alaska Fairbanks,Fairbanks 
Alaska,Alaska Pacific University,Anchorage
Alaska,University of Alaska Southeast,Juneau 
Alaska,University of Alaska Anchorage,Anchorage
Alaska,Alaska Bible College,Palmer
Alabama,The University of Alabama,Tuscaloosa
Alabama,Auburn University,Auburn
Alabama,University of Alabama at Birmingham,Birmingham
Alabama,The University of Alabama in Huntsville,Huntsville
Alabama,Troy University,Troy 
Alabama,Samford University,Birmingham
Alabama,University of South Alabama,Mobile
Alabama,Tuskegee University,Tuskegee
Alabama,Jacksonville State University,Jacksonville
Alabama,University of North Alabama,Florence
Alabama,Alabama State University,Montgomery
Alabama,Auburn University at Montgomery,Montgomery
Alabama,The University of West Alabama,Livingston
Alabama,Spring Hill College,Mobile
Alabama,Alabama A&M University,Huntsville
Alabama,University of Montevallo,Montevallo
Alabama,Birmingham-Southern College,Birmingham
Alabama,Athens State University,Athens
Alabama,Faulkner University,Montgomery
Alabama,Talladega College,Talladega
Alabama,Huntingdon College,Montgomery
Alabama,Oakwood University,Huntsville
Alabama,University of Mobile,Mobile
Alabama,United States Sports Academy,Daphne
Oregon,Oregon State University,Corvallis 
Oregon,University of Oregon,Eugene 
Oregon,Portland State University,Portland
Oregon,Oregon Health & Science University,Portland 
Oregon,Reed College,Portland
Oregon,Willamette University,Salem
Oregon,Lewis & Clark College,Portland
Oregon,Pacific University,Forest Grove
Oregon,Western Oregon University,Monmouth
Oregon,Southern Oregon University,Ashland 
Oregon,University of Portland,Portland
Alabama,Miles College,Fairfield
Alabama,Stillman College,Tuscaloosa
Alabama,Judson College,Marion
Alabama,Heritage Christian University,Florence
Oregon,George Fox University,Newberg
Oregon,Eastern Oregon University,La Grande
Oregon,Oregon Institute of Technology,Klamath Falls
Oregon,Linfield University,McMinnville 
Oregon,Warner Pacific College,Portland
Oregon,Corban University,Salem
Oregon,Multnomah University,Portland 
Oregon,University of Western States,Portland
Oregon,Bushnell University,Eugene
Oregon,New Hope Christian College,Eugene
Connecticut,Yale University,New Haven
Connecticut,University of Connecticut,Storrs 
Connecticut,Quinnipiac University,Hamden
Connecticut,Wesleyan University,Middletown
Connecticut,Trinity College,Hartford
Connecticut,Central Connecticut State University,New Britain
Connecticut,Connecticut College,New London
Connecticut,Fairfield University,Fairfield
Connecticut,University of Hartford,West Hartford
Connecticut,Sacred Heart University,Fairfield 
Connecticut,University of New Haven,West Haven 
Connecticut,Southern Connecticut State University,New Haven
Connecticut,Western Connecticut State University,Danbury
Connecticut,University of Bridgeport,Bridgeport 
Connecticut,Eastern Connecticut State University,Willimantic
Connecticut,United States Coast Guard Academy,New London
Connecticut,Post University,Waterbury
Connecticut,Albertus Magnus College,New Haven
Connecticut,Goodwin University,East Hartford
Connecticut,University of Saint Joseph,West Hartford
Connecticut,Mitchell College,New London
Connecticut,Holy Apostles College and Seminary,Cromwell
Oklahoma,The University of Oklahoma,Norman 
Oklahoma,Oklahoma State University,Stillwater 
Oklahoma,The University of Tulsa,Tulsa
Oklahoma,The University of Oklahoma Health Sciences Center,Oklahoma City
Oklahoma,Oral Roberts University,Tulsa
Oklahoma,Oklahoma City University,Oklahoma City
Oklahoma,University of Central Oklahoma,Edmond
Oklahoma,Northeastern State University,Tahlequah
Oklahoma,Rogers State University,Claremore
Oklahoma,Southern Nazarene University,Bethany 
Oklahoma,Cameron University,Lawton 
Oklahoma,Southeastern Oklahoma State University,Durant
Oklahoma,Oklahoma Christian University,Edmond 
Oklahoma,Southwestern Oklahoma State University,Weatherford 
Oklahoma,East Central University,Ada
Oklahoma,Oklahoma Baptist University,Shawnee
Oklahoma,Langston University,Langston
Oklahoma,Oklahoma Wesleyan University,Bartlesville
Oklahoma,University of Science and Arts of Oklahoma,Chickasha
Oklahoma,Oklahoma Panhandle State University,Goodwell
Oklahoma,Northwestern Oklahoma State University,Alva 
Oklahoma,Mid-America Christian University,Oklahoma City
Oklahoma,Bacone College,Muskogee
Oklahoma,Southwestern Christian University,Bethany 
Wisconsin,University of Wisconsin-Madison,Madison
Wisconsin,University of Wisconsin-Milwaukee,Milwaukee
Wisconsin,Marquette University,Milwaukee
Wisconsin,University of Wisconsin-Eau Claire,Eau Claire
Wisconsin,University of Wisconsin-Stevens Point,Stevens Point
Wisconsin,Medical College of Wisconsin,Milwaukee
Wisconsin,University of Wisconsin-Green Bay,Green Bay
Wisconsin,University of Wisconsin-La Crosse,La Crosse
Wisconsin,University of Wisconsin-Oshkosh,Oshkosh
Wisconsin,University of Wisconsin-Whitewater,Whitewater
Wisconsin,University of Wisconsin-Stout,Menomonie
Wisconsin,Beloit College,Beloit
Wisconsin,Lawrence University,Appleton
Wisconsin,Milwaukee School of Engineering,Milwaukee
Wisconsin,University of Wisconsin-Platteville,Platteville
Wisconsin,University of Wisconsin-River Falls,River Falls
Wisconsin,University of Wisconsin-Parkside,Kenosha
Wisconsin,St. Norbert College,De Pere
West Virginia,West Virginia University,Morgantown 
West Virginia,Marshall University,Huntington
West Virginia,Shepherd University,Shepherdstown
West Virginia,West Virginia State University,Institute
West Virginia,Wheeling University,Wheeling
West Virginia,Concord University,Athens
West Virginia,University of Charleston,Charleston
West Virginia,Fairmont State University,Fairmont
West Virginia,West Virginia Wesleyan College,Buckhannon
West Virginia,West Liberty University,West Liberty
West Virginia,Bethany College,Bethany
West Virginia,Alderson Broaddus University,Philippi
West Virginia,West Virginia University at Parkersburg,Parkersburg
West Virginia,Davis and Elkins College,Elkins
West Virginia,West Virginia School of Osteopathic Medicine,Lewisburg
West Virginia,Glenville State College,Glenville
West Virginia,Bluefield State College,Bluefield
West Virginia,Salem University,Salem
Washington,University of Washington,Seattle 
Washington,Washington State University,Pullman
Washington,Western Washington University,Bellingham
Washington,Seattle University,Seattle
Washington,The Evergreen State College,Olympia
Washington,Central Washington University,Ellensburg 
Washington,Gonzaga University,Spokane
Washington,Seattle Pacific University,Seattle
Washington,Eastern Washington University,Cheney
Washington,Whitman College,Walla Walla
Washington,Pacific Lutheran University,Tacoma
Washington,University of Puget Sound,Tacoma
Washington,Bellevue College,Bellevue
Washington,Bastyr University,Kenmore
Washington,Seattle Central College,Seattle
Washington,Whitworth University,Spokane
Washington,Saint Martin's University,Lacey
Wisconsin,Carthage College,Kenosha
Wisconsin,Concordia University Wisconsin,Mequon
Wisconsin,Herzing University,Madison
Wisconsin,Carroll University,Waukesha 
Wisconsin,Alverno College,Milwaukee
Wisconsin,University of Wisconsin-Superior,Superior
Wisconsin,Edgewood College,Madison
Wisconsin,Ripon College,Ripon
Wisconsin,Cardinal Stritch University,Milwaukee
Wisconsin,Viterbo University,La Crosse
Wisconsin,Northland College,Ashland
Wisconsin,Wisconsin Lutheran College,Milwaukee
Wisconsin,Lakeland University,Plymouth
Wisconsin,Mount Mary University,Milwaukee
Wisconsin,Maranatha Baptist University,Watertown
Wisconsin,"Marian University, Wisconsin",Fond du Lac
Wisconsin,Milwaukee Institute of Art and Design,Milwaukee
Wisconsin,Bellin College,Green Bay
Virginia,University of Virginia,Charlottesville 
Virginia,Virginia Polytechnic Institute and State University,Blacksburg
Virginia,George Mason University,Fairfax
Virginia,Virginia Commonwealth University,Richmond
Virginia,College of William & Mary,Williamsburg
Virginia,Liberty University,Lynchburg
Virginia,Old Dominion University,Norfolk
Virginia,James Madison University,Harrisonburg
Virginia,University of Richmond,Richmond
Virginia,Washington and Lee University,Lexington
Virginia,Radford University,Radford
Virginia,Sweet Briar College,Sweet Briar
Virginia,Regent University,Virginia Beach
Virginia,University of Mary Washington,Fredericksburg
West Virginia,Ohio Valley University,Vienna
West Virginia,Appalachian Bible College,Mount Hope
Washington,City University of Seattle,Seattle 
Washington,Walla Walla University,College Place
Washington,Cornish College of the Arts,Seattle
Washington,Northwest University,Kirkland 
Washington,Lake Washington Institute of Technology,Kirkland
Washington,Heritage University,Toppenish
Washington,Columbia Basin College,Pasco
Washington,Centralia College,Centralia
Washington,Antioch University Seattle,Seattle
Vermont,University of Vermont,Burlington
Vermont,Middlebury College,Middlebury
Vermont,Champlain College,Burlington 
Vermont,Norwich University,Northfield
Vermont,Saint Michael's College,Colchester 
Vermont,Bennington College,Bennington
Vermont,Vermont Law School,South Royalton
Vermont,SIT Graduate Institute,Brattleboro
Vermont,Northern Vermont University,Johnson 
Vermont,Goddard College,Plainfield 
Vermont,Castleton University,Castleton
Vermont,Vermont Technical College,Randolph
Vermont,"Sterling College, Vermont",Craftsbury Common
Vermont,Landmark College,Putney
Vermont,Vermont College of Fine Arts,Montpelier
Wisconsin,Wisconsin School of Professional Psychology,Milwaukee
Utah,The University of Utah,Salt Lake City
Utah,Brigham Young University,Provo
Utah,Utah State University,Logan 
Utah,Weber State University,Ogden 
Utah,Utah Valley University,Orem 
Utah,Southern Utah University,Cedar City
Utah,Westminster College,Salt Lake City
Utah,Utah Tech University,St. George
Utah,Snow College,Ephraim
Utah,Rocky Mountain University of Health Professions,Provo
Virginia,Christopher Newport University,Newport News
Virginia,Hampton University,Hampton
Virginia,Longwood University,Farmville
Virginia,Virginia Military Institute,Lexington
Virginia,Eastern Virginia Medical School,Norfolk
Virginia,Roanoke College,Salem
Virginia,Marymount University,Arlington
Virginia,Eastern Mennonite University,Harrisonburg 
Virginia,Shenandoah University,Winchester
Virginia,Norfolk State University,Norfolk
Virginia,University of Lynchburg,Lynchburg
Virginia,Virginia State University,Petersburg
Virginia,ECPI University,Virginia Beach
Virginia,Hollins University,Roanoke
Virginia,Hampden-Sydney College,Hampden-Sydney
Virginia,Bridgewater College,Bridgewater
Virginia,Randolph-Macon College,Ashland
Virginia,Virginia Wesleyan University,Virginia Beach
Virginia,Mary Baldwin University,Staunton
Virginia,Ferrum College,Ferrum
Virginia,Virginia Union University,Richmond
Texas,The University of Texas at Austin,Austin
Virginia,Randolph College,Lynchburg
Virginia,Emory & Henry College,Emory 
Virginia,Averett University,Danville 
Virginia,Bluefield College,Bluefield
Virginia,The University of Virginia's College at Wise,Wise
Virginia,Southern Virginia University,Buena Vista
Virginia,Appalachian College of Pharmacy,Oakwood
Texas,Texas A&M University,College Station
Texas,William Marsh Rice University,Houston
Texas,University of Houston,Houston
Texas,University of North Texas,Denton 
Texas,Baylor University,Waco
Texas,Southern Methodist University,Dallas
Texas,Texas Tech University,Lubbock
Texas,The University of Texas at Dallas,Richardson
Texas,The University of Texas MD Anderson Cancer Center,Houston
Texas,The University of Texas at Arlington,Arlington
Texas,The University of Texas at San Antonio,San Antonio
Texas,Texas State University,San Marcos 
Texas,Baylor College of Medicine,Houston
Texas,The University of Texas at El Paso,El Paso
Texas,University of Texas Southwestern Medical Center,Dallas
Texas,The University of Texas Medical Branch at Galveston,Galveston
Texas,Texas Christian University,Fort Worth
Texas,The University of Texas Health Science Center at San Antonio,San Antonio
Texas,The University of Texas Health Science Center at Houston,Houston
Texas,Sam Houston State University,Huntsville
Texas,Lamar University,Beaumont
Texas,University of Texas Rio Grande Valley,Edinburg 
Texas,Trinity University,San Antonio
Texas,Stephen F. Austin State University,Nacogdoches
Texas,Texas A&M University-Corpus Christi,Corpus Christi
Texas,Texas Tech University Health Sciences Center,Lubbock 
Texas,West Texas A&M University,Canyon 
Texas,Texas Woman's University,Denton 
Texas,Abilene Christian University,Abilene
Texas,St. Edward's University,Austin
Texas,Southwestern University,Georgetown
Texas,Angelo State University,San Angelo
Texas,Texas A&M University-Commerce,Commerce
Texas,Texas Southern University,Houston
Texas,St. Mary's University,San Antonio
Texas,Tarleton State University,Stephenville 
Texas,Midwestern State University,Wichita Falls
Texas,The University of Texas at Tyler,Tyler 
Texas,University of the Incarnate Word,San Antonio
Texas,Texas A&M University-Kingsville,Kingsville
Texas,Houston Baptist University,Houston
Texas,Prairie View A&M University,Prairie View 
Texas,University of Dallas,Irving
Texas,University of Houston-Clear Lake,Houston 
Texas,University of Houston-Downtown,Houston
Texas,Texas A&M University at Galveston,Galveston
Texas,Texas A&M International University,Laredo
Texas,University of North Texas Health Science Center,Fort Worth
Texas,Concordia University Texas,Austin
Texas,Austin College,Sherman
Texas,Dallas Baptist University,Dallas
Texas,University of Mary Hardin-Baylor,Belton
Texas,The University of Texas Permian Basin,Odessa
Texas,University of St. Thomas,Houston
Texas,South Texas College of Law,Houston
Texas,South Texas College,McAllen
Texas,LeTourneau University,Longview
Texas,Our Lady of the Lake University,San Antonio
Texas,Hardin-Simmons University,Abilene
Texas,Texas Wesleyan University,Fort Worth
Texas,University of Houston-Victoria,Victoria
Texas,McMurry University,Abilene
Texas,Wayland Baptist University,Plainview 
Texas,Southwestern Adventist University,Keene
Texas,Huston-Tillotson University,Austin
Texas,Sul Ross State University,Alpine
Texas,Lubbock Christian University,Lubbock
Texas,Texas Lutheran University,Seguin
Texas,Texas A&M University-Texarkana,Texarkana
Texas,East Texas Baptist University,Marshall
Texas,The University of Texas Health Science Center at Tyler,Tyler
Texas,Wiley College,Marshall
Texas,Southwestern Assemblies of God University,Waxahachie
Texas,Midland College,Midland
Texas,Howard Payne University,Brownwood
Texas,Parker University,Dallas
Texas,Schreiner University,Kerrville
Texas,Brazosport College,Lake Jackson
Texas,Texas A&M University-San Antonio,San Antonio
Texas,Amberton University,Garland
Texas,Texas College,Tyler
Texas,Criswell College,Dallas
Texas,Jarvis Christian College,Hawkins
Texas,Dallas Christian College,Dallas
Texas,College of Biblical Studies,Houston 
Texas,Baptist University of the Americas,San Antonio
Texas,Arlington Baptist University,Arlington
Texas,The King's University,Southlake
Texas,Wade College,Dallas
Texas,Paul Quinn College,Dallas
Tennessee,Vanderbilt University,Nashville
Tennessee,"The University of Tennessee, Knoxville",Knoxville 
Tennessee,The University of Tennessee at Martin,Martin 
Tennessee,Middle Tennessee State University,Murfreesboro
Tennessee,The University of Memphis,Memphis 
Tennessee,East Tennessee State University,Johnson City 
Tennessee,The University of Tennessee at Chattanooga,Chattanooga
Tennessee,Tennessee Tech University,Cookeville
Tennessee,Belmont University,Nashville
Tennessee,Rhodes College,Memphis
Tennessee,Sewanee: The University of the South,Sewanee
Tennessee,Tennessee State University,Nashville
Tennessee,Carson-Newman University,Jefferson City
Tennessee,Austin Peay State University,Clarksville
Tennessee,The University of Tennessee Health Science Center,Memphis
Tennessee,Fisk University,Nashville
Tennessee,Lipscomb University,Nashville
Tennessee,Union University,Jackson
Tennessee,Southern Adventist University,Collegedale
Tennessee,Lincoln Memorial University,Harrogate
Tennessee,Christian Brothers University,Memphis
Tennessee,Meharry Medical College,Nashville
Tennessee,King University,Bristol
Tennessee,Lee University,Cleveland
Tennessee,Trevecca Nazarene University,Nashville
Tennessee,Bryan College,Dayton 
Tennessee,Freed-Hardeman University,Henderson
Tennessee,Tusculum University,Greeneville
Tennessee,Milligan University,Elizabethton 
Tennessee,Maryville College,Maryville
Tennessee,Cumberland University,Lebanon
Tennessee,LeMoyne-Owen College,Memphis
Tennessee,Lane College,Jackson
Tennessee,South College,Knoxville
Tennessee,Johnson University,Knoxville 
Tennessee,"Bethel University, Tennessee",McKenzie
Tennessee,Southern College of Optometry,Memphis
Tennessee,The University of Tennessee Southern,Pulaski
Tennessee,American Baptist College,Nashville
Tennessee,"Aquinas College, Tennessee",Nashville
Tennessee,Tennessee Wesleyan University,Athens 
Tennessee,Welch College,Gallatin
Tennessee,Watkins College of Art,Nashville
Tennessee,Baptist Health Sciences University,Memphis
Tennessee,Middle Tennessee School of Anesthesia,Madison
Tennessee,Richmont Graduate University,Chattanooga
South Dakota,University of South Dakota,Vermillion
South Dakota,South Dakota State University,Brookings
South Dakota,Dakota State University,Madison 
South Dakota,South Dakota School of Mines and Technology,Rapid City
South Dakota,Augustana University,Sioux Falls
South Dakota,Northern State University,Aberdeen
South Dakota,Black Hills State University,Spearfish
South Dakota,University of Sioux Falls,Sioux Falls
South Dakota,National American University,Rapid City 
South Dakota,Dakota Wesleyan University,Mitchell
South Dakota,Mount Marty University,Yankton
South Dakota,Presentation College,Aberdeen
Ohio,The Ohio State University,Columbus 
Ohio,University of Cincinnati,Cincinnati
Ohio,Case Western Reserve University,Cleveland
Ohio,Kent State University,Kent 
Ohio,Bowling Green State University,Bowling Green 
Ohio,Ohio University,Athens 
Ohio,University of Dayton,Dayton
Ohio,University of Akron,Akron 
Ohio,Miami University,Oxford 
South Carolina,University of South Carolina,Columbia 
South Carolina,Clemson University,Clemson
South Carolina,Medical University of South Carolina,Charleston
South Carolina,College of Charleston,Charleston
South Carolina,Furman University,Greenville
South Carolina,Coastal Carolina University,Conway 
South Carolina,Winthrop University,Rock Hill
South Carolina,"The Citadel, The Military College of South Carolina",Charleston
South Carolina,Bob Jones University,Greenville
South Carolina,Wofford College,Spartanburg
South Carolina,Lander University,Greenwood
Ohio,University of Toledo,Toledo
Ohio,Wright State University,Dayton 
Ohio,Oberlin College,Oberlin
Ohio,Cleveland State University,Cleveland
Ohio,Kenyon College,Gambier
Ohio,Xavier University,Cincinnati
Ohio,Youngstown State University,Youngstown
Ohio,Denison University,Granville
Ohio,Antioch University,Yellow Springs 
Ohio,The College of Wooster,Wooster
Ohio,Cedarville University,Cedarville
Ohio,Ohio Wesleyan University,Delaware 
Ohio,Bluffton University,Bluffton
Ohio,Ashland University,Ashland
Rhode Island,Brown University,Providence
Rhode Island,University of Rhode Island,Kingston 
Rhode Island,Rhode Island School of Design,Providence
Rhode Island,Johnson and Wales University,Providence 
Rhode Island,Rhode Island College,Providence
Rhode Island,Providence College,Providence
Rhode Island,Roger Williams University,Bristol
Rhode Island,Bryant University,Smithfield
Rhode Island,Salve Regina University,Newport 
Rhode Island,New England Institute of Technology,East Greenwich
South Carolina,Charleston Southern University,Charleston
South Carolina,South Carolina State University,Orangeburg
South Carolina,Francis Marion University,Florence
South Carolina,University of South Carolina-Aiken,Aiken
South Carolina,University of South Carolina-Upstate,Spartanburg
South Carolina,Presbyterian College,Clinton
South Carolina,Voorhees College,Denmark
South Carolina,Converse College,Spartanburg
South Carolina,Anderson University,Anderson
South Carolina,Columbia International University,Columbia
South Carolina,North Greenville University,Tigerville
South Carolina,"Columbia College, South Carolina",Columbia
South Carolina,University of South Carolina-Beaufort,Bluffton
Ohio,Franklin University,Columbus 
Ohio,John Carroll University,University Heights
Ohio,Ohio Northern University,Ada
Ohio,Baldwin Wallace University,Berea
Ohio,Capital University,Columbus
Ohio,University of Findlay,Findlay
Ohio,Marietta College,Marietta
Ohio,Muskingum University,New Concord
Ohio,Otterbein University,Westerville
Ohio,Wittenberg University,Springfield
Ohio,Franciscan University of Steubenville,Steubenville
Ohio,Walsh University,North Canton
Ohio,Mount St. Joseph University,Cincinnati
Ohio,Hiram College,Hiram
Ohio,Shawnee State University,Portsmouth
Pennsylvania,University of Pennsylvania,Philadelphia
South Carolina,Limestone College,Gaffney
South Carolina,Benedict College,Columbia
South Carolina,Erskine College,Due West
South Carolina,Newberry College,Newberry
South Carolina,Claflin University,Orangeburg
South Carolina,Southern Wesleyan University,Central
South Carolina,Coker University,Hartsville
South Carolina,Morris College,Sumter
South Carolina,Allen University,Columbia
North Dakota,North Dakota State University,Fargo
North Dakota,University of North Dakota,Grand Forks
North Dakota,University of Mary,Bismarck
North Dakota,Minot State University,Minot
North Dakota,Bismarck State College,Bismarck
North Dakota,Valley City State University,Valley City
North Dakota,University of Jamestown,Jamestown
North Dakota,Dickinson State University,Dickinson
North Dakota,Mayville State University,Mayville
North Dakota,Trinity Bible College,Ellendale
North Carolina,University of North Carolina at Chapel Hill,Chapel Hill
North Carolina,Duke University,Durham
North Carolina,North Carolina State University,Raleigh
North Carolina,University of North Carolina at Charlotte,Charlotte
North Carolina,Wake Forest University,Winston-Salem
North Carolina,Appalachian State University,Boone
North Carolina,University of North Carolina at Greensboro,Greensboro
North Carolina,East Carolina University,Greenville
North Carolina,Elon University,Elon
North Carolina,University of North Carolina Wilmington,Wilmington
North Carolina,Davidson College,Davidson
North Carolina,Western Carolina University,Cullowhee 
North Carolina,North Carolina Agricultural and Technical State University,Greensboro
North Carolina,University of North Carolina at Asheville,Asheville
North Carolina,Campbell University,Buies Creek
North Carolina,North Carolina Central University,Durham
North Carolina,High Point University,High Point
Ohio,Heidelberg University,Tiffin
Ohio,Central State University,Wilberforce
Ohio,Lourdes University,Sylvania
Ohio,Cleveland Institute of Art,Cleveland
Ohio,Columbus College of Art and Design,Columbus
Ohio,Malone University,Canton
Ohio,University of Mount Union,Alliance
Ohio,Tiffin University,Tiffin 
Ohio,Air Force Institute of Technology,Wright-Patterson AFB
Ohio,Cleveland Institute of Music,Cleveland
Ohio,Northeast Ohio Medical University,Rootstown
Ohio,Wilmington College,Wilmington
Ohio,Ohio Dominican University,Columbus
Ohio,Mount Vernon Nazarene University,Mount Vernon 
Ohio,Notre Dame College,Cleveland
Ohio,University of Northwestern Ohio,Lima
Ohio,Ohio Christian University,Circleville
Ohio,Defiance College,Defiance
Ohio,University of Rio Grande,Rio Grande
Ohio,Ursuline College,Pepper Pike
Ohio,Wilberforce University,Wilberforce
Pennsylvania,Penn State University,University Park 
Pennsylvania,Carnegie Mellon University,Pittsburgh 
Pennsylvania,University of Pittsburgh,Pittsburgh 
Pennsylvania,Temple University,Philadelphia 
Pennsylvania,Drexel University,Philadelphia
Pennsylvania,Swarthmore College,Swarthmore
Pennsylvania,Lehigh University,Bethlehem
Pennsylvania,Thomas Jefferson University,Philadelphia
Pennsylvania,Villanova University,Villanova
Pennsylvania,Bryn Mawr College,Bryn Mawr
Pennsylvania,Bucknell University,Lewisburg
Pennsylvania,Dickinson College,Carlisle
Pennsylvania,Duquesne University,Pittsburgh
Pennsylvania,Lock Haven University,Lock Haven 
Pennsylvania,Haverford College,Haverford
Pennsylvania,Indiana University of Pennsylvania,Indiana
Pennsylvania,Gettysburg College,Gettysburg
Pennsylvania,Saint Joseph's University,Philadelphia
Pennsylvania,West Chester University of Pennsylvania,West Chester
North Carolina,University of North Carolina at Pembroke,Pembroke
North Carolina,Fayetteville State University,Fayetteville
North Carolina,Queens University of Charlotte,Charlotte
North Carolina,Meredith College,Raleigh
North Carolina,Winston-Salem State University,Winston-Salem
North Carolina,Guilford College,Greensboro
North Carolina,University of North Carolina School of the Arts,Winston-Salem
North Carolina,Warren Wilson College,Swannanoa
North Carolina,Bennett College,Greensboro
North Carolina,Pfeiffer University,Misenheimer
North Carolina,Lenoir-Rhyne University,Hickory
North Carolina,North Carolina Wesleyan College,Rocky Mount 
North Carolina,Belmont Abbey College,Belmont
North Carolina,Methodist University,Fayetteville
North Carolina,Gardner-Webb University,Boiling Springs 
North Carolina,Montreat College,Montreat 
North Carolina,Johnson C. Smith University,Charlotte
North Carolina,Lees-McRae College,Banner Elk
North Carolina,Elizabeth City State University,Elizabeth City
North Carolina,Catawba College,Salisbury
Ohio,Union Institute & University,Cincinnati
Ohio,Art Academy of Cincinnati,Cincinnati
Ohio,Lake Erie College,Painesville
Ohio,Mount Carmel College of Nursing,Columbus
Ohio,Mercy College of Ohio,Toledo
Ohio,Kettering College,Kettering
Ohio,God's Bible School and College,Cincinnati
Ohio,Good Samaritan College of Nursing and Health Science,Cincinnati
Ohio,Tri-State Bible College,South Point 
Ohio,Ohio University Southern,Ironton
Ohio,Ohio University-Chillicothe,Chillicothe
Pennsylvania,Shippensburg University of Pennsylvania,Shippensburg
Pennsylvania,Lafayette College,Easton
Pennsylvania,Franklin and Marshall College,Lancaster
Pennsylvania,Widener University,Chester 
Pennsylvania,University of Scranton,Scranton
Pennsylvania,Seton Hill University,Greensburg
Pennsylvania,Millersville University of Pennsylvania,Millersville
Pennsylvania,Messiah University,Mechanicsburg
Pennsylvania,Elizabethtown College,Elizabethtown
Pennsylvania,Muhlenberg College,Allentown
Pennsylvania,Bloomsburg University of Pennsylvania,Bloomsburg
Pennsylvania,La Salle University,Philadelphia
Pennsylvania,Arcadia University,Glenside
Pennsylvania,Kutztown University of Pennsylvania,Kutztown
Pennsylvania,Slippery Rock University of Pennsylvania,Slippery Rock
Pennsylvania,The University of the Arts,Philadelphia
Pennsylvania,Wilkes University,Wilkes-Barre
Pennsylvania,Chatham University,Pittsburgh
Pennsylvania,Pennsylvania Academy of the Fine Arts,Philadelphia
Pennsylvania,Allegheny College,Meadville
Pennsylvania,Ursinus College,Collegeville
North Carolina,Brevard College,Brevard
North Carolina,Chowan University,Murfreesboro
North Carolina,Barton College,Wilson
North Carolina,Wingate University,Wingate
North Carolina,Shaw University,Raleigh
North Carolina,Mars Hill University,Mars Hill
North Carolina,Saint Augustine's University,Raleigh
North Carolina,William Peace University,Raleigh
North Carolina,Salem College,Winston-Salem
North Carolina,University of Mount Olive,Mount Olive 
North Carolina,Livingstone College,Salisbury
North Carolina,St Andrews University,Laurinburg
North Carolina,Greensboro College,Greensboro
North Carolina,Carolina University,Winston Salem 
North Carolina,Mid-Atlantic Christian University,Elizabeth City
North Carolina,Cabarrus College of Health Sciences,Concord
Pennsylvania,Pennsylvania College of Technology,Williamsport
Pennsylvania,King's College,Wilkes-Barre
Pennsylvania,Moravian College,Bethlehem
Pennsylvania,Juniata College,Huntingdon
Pennsylvania,Clarion University of Pennsylvania,Clarion
Pennsylvania,York College of Pennsylvania,York
Pennsylvania,Grove City College,Grove City
Pennsylvania,Susquehanna University,Selinsgrove
Pennsylvania,Lycoming College,Williamsport
Pennsylvania,Edinboro University of Pennsylvania,Edinboro
Pennsylvania,DeSales University,Center Valley
Pennsylvania,Robert Morris University,Moon Township 
Pennsylvania,East Stroudsburg University,East Stroudsburg
Pennsylvania,Eastern University,St. Davids
Pennsylvania,Mercyhurst University,Erie
Pennsylvania,Curtis Institute of Music,Philadelphia
Pennsylvania,The American College of Financial Services,Bryn Mawr
Pennsylvania,Washington & Jefferson College,Washington
Pennsylvania,Point Park University,Pittsburgh
Pennsylvania,Lincoln University,Lincoln University
Pennsylvania,Saint Vincent College,Latrobe
Pennsylvania,Gwynedd Mercy University,Gwynedd Valley
Pennsylvania,California University of Pennsylvania,California
Pennsylvania,"Westminster College, Pennsylvania",New Wilmington
Pennsylvania,Gannon University,Erie
Pennsylvania,Lebanon Valley College,Annville
Pennsylvania,Alvernia University,Reading
Pennsylvania,Marywood University,Scranton
Pennsylvania,Geneva College,Beaver Falls
Pennsylvania,Albright College,Reading
Pennsylvania,Saint Francis University,Loretto
Pennsylvania,Mansfield University of Pennsylvania,Mansfield
Pennsylvania,Delaware Valley University,Doylestown
Pennsylvania,Misericordia University,Dallas
Pennsylvania,Cedar Crest College,Allentown
Pennsylvania,Immaculata University,Immaculata 
Pennsylvania,Wilson College,Chambersburg
Pennsylvania,Rosemont College,Rosemont
Pennsylvania,Neumann University,Aston
Pennsylvania,Lancaster Bible College,Lancaster
Pennsylvania,Cabrini University,Radnor
Pennsylvania,Harrisburg University of Science and Technology,Harrisburg
Pennsylvania,Penn State College of Medicine,Hershey
Pennsylvania,Moore College of Art and Design,Philadelphia
Pennsylvania,Chestnut Hill College,Philadelphia
Pennsylvania,Carlow University,Pittsburgh
Pennsylvania,Waynesburg University,Waynesburg
Pennsylvania,Cheyney University of Pennsylvania,Cheyney
Pennsylvania,La Roche University,Pittsburgh
Pennsylvania,Mount Aloysius College,Cresson
Pennsylvania,Salus University,Elkins Park 
Pennsylvania,Keystone College,La Plume
Pennsylvania,Cairn University,Langhorne 
Pennsylvania,Holy Family University,Philadelphia
Pennsylvania,Clarks Summit University,Clarks Summit
Pennsylvania,Thiel College,Greenville
Pennsylvania,Central Penn College,Summerdale
Pennsylvania,Peirce College,Philadelphia
Pennsylvania,Pennsylvania College of Art and Design,Lancaster
Pennsylvania,University of Valley Forge,Phoenixville
Pennsylvania,Gratz College,Melrose Park
Pennsylvania,Bryn Athyn College,Bryn Athyn
Pennsylvania,Pennsylvania College of Health Sciences,Lancaster
Pennsylvania,WON Institute of Graduate Studies,Glenside
Pennsylvania,Geisinger Commonwealth School of Medicine,Scranton
New Jersey,Princeton University,Princeton
New Jersey,"Rutgers, The State University of New Jersey",New Brunswick 
New Jersey,New Jersey Institute of Technology,Newark
New Jersey,Seton Hall University,South Orange
New Jersey,Monmouth University,West Long Branch
New Jersey,Montclair State University,Montclair
New Jersey,Rowan University,Glassboro 
New Jersey,Stevens Institute of Technology,Hoboken
New Jersey,Drew University,Madison
New Jersey,Rider University,Lawrenceville 
New Jersey,Fairleigh Dickinson University,Teaneck 
New Jersey,The College of New Jersey,Ewing
New Jersey,Stockton University,Galloway 
New Jersey,William Paterson University,Wayne
New Jersey,Kean University,Union 
New Jersey,Ramapo College of New Jersey,Mahwah
New Jersey,New Jersey City University,Jersey City
New Jersey,Saint Peter's University,Jersey City
New Jersey,Georgian Court University,Lakewood
New Jersey,Caldwell University,Caldwell
New Jersey,Centenary University,Hackettstown
New Jersey,Thomas Edison State University,Trenton
Nevada,"University of Nevada, Reno",Reno
Nevada,"University of Nevada, Las Vegas",Las Vegas
Nevada,College of Southern Nevada,Las Vegas
Nevada,Great Basin College,Elko 
Nevada,Western Nevada College,Carson City
Nevada,Sierra Nevada University,Incline Village
Nevada,Roseman University of Health Sciences,Henderson
Nevada,Nevada State College,Henderson
New Jersey,Felician University,Lodi 
New Jersey,Bloomfield College,Bloomfield
New Jersey,Saint Elizabeth University,Morristown
New Jersey,Pillar College,Newark 
New Hampshire,Dartmouth College,Hanover
New Hampshire,University of New Hampshire,Durham 
New Hampshire,Southern New Hampshire University,Manchester
New Hampshire,Plymouth State University,Plymouth
New Hampshire,Saint Anselm College,Manchester
New Hampshire,Keene State College,Keene
New Hampshire,New England College,Henniker 
New Hampshire,Rivier University,Nashua
New Hampshire,Franklin Pierce University,Rindge 
New Hampshire,Colby-Sawyer College,New London
New Hampshire,Granite State College,Concord
New Hampshire,Thomas More College of Liberal Arts,Merrimack
New Hampshire,Magdalen College of the Liberal Arts,Warner
Missouri,Washington University in St. Louis,St. Louis
Missouri,University of Missouri,Columbia
Missouri,University of Missouri-Kansas City,Kansas City
Missouri,Saint Louis University,St. Louis 
Missouri,Missouri State University,Springfield 
Missouri,University of Missouri-St. Louis,St. Louis
Missouri,Missouri University of Science and Technology,Rolla
Nebraska,University of Nebraska-Lincoln,Lincoln
Nebraska,Creighton University,Omaha
Nebraska,University of Nebraska at Omaha,Omaha
Nebraska,University of Nebraska Medical Center,Omaha
Nebraska,University of Nebraska at Kearney,Kearney
Nebraska,Bellevue University,Bellevue 
Nebraska,Chadron State College,Chadron
Nebraska,Wayne State College,Wayne
Nebraska,Doane University,Crete
Nebraska,Nebraska Wesleyan University,Lincoln 
Montana,Montana State University,Bozeman
Montana,The University of Montana,Missoula
Montana,Montana State University Billings,Billings
Montana,Montana Tech,Butte
Montana,Carroll College,Helena
Montana,Rocky Mountain College,Billings
Montana,Montana State University-Northern,Havre 
Montana,The University of Montana Western,Dillon
Montana,University of Providence,Great Falls
New Hampshire,Antioch University New England,Keene
Missouri,Maryville University,St. Louis
Missouri,Webster University,St. Louis
Missouri,Truman State University,Kirksville
Missouri,Southeast Missouri State University,Cape Girardeau
Missouri,University of Central Missouri,Warrensburg
Missouri,Northwest Missouri State University,Maryville 
Missouri,Columbia College,Columbia
Missouri,Park University,Parkville 
Missouri,Lindenwood University,St. Charles
Missouri,Drury University,Springfield 
Missouri,A.T. Still University,Kirksville 
Missouri,Evangel University,Springfield
Missouri,"Lincoln University, Missouri",Jefferson City
Missouri,Missouri Western State University,St. Joseph
Missouri,College of the Ozarks,Point Lookout
Missouri,Rockhurst University,Kansas City
Nebraska,"Concordia University, Nebraska",Seward
Nebraska,College of Saint Mary,Omaha
Nebraska,Hastings College,Hastings
Nebraska,Peru State College,Peru
Nebraska,Nebraska Methodist College,Omaha
Nebraska,"Union College, Nebraska",Lincoln
Nebraska,Clarkson College,Omaha
Nebraska,York College,York
Nebraska,Midland University,Fremont
Nebraska,Bryan College of Health Sciences,Lincoln
Nebraska,Nebraska Christian College,Papillion
Missouri,Missouri Southern State University,Joplin
Missouri,Avila University,Kansas City
Missouri,Stephens College,Columbia
Missouri,William Jewell College,Liberty
Missouri,Central Methodist University,Fayette
Missouri,Logan University,Chesterfield
Missouri,Kansas City Art Institute,Kansas City
Missouri,Fontbonne University,St. Louis
Missouri,"Westminster College, Missouri",Fulton
Missouri,Southwest Baptist University,Bolivar 
Missouri,Kansas City University,Kansas City
Missouri,Culver-Stockton College,Canton
Missouri,William Woods University,Fulton
Missouri,Hannibal-LaGrange University,Hannibal
Missouri,Missouri Baptist University,St. Louis
Missouri,Harris-Stowe State University,St. Louis
Missouri,Missouri Valley College,Marshall
Missouri,University of Health Sciences and Pharmacy in St. Louis,St. Louis
Missouri,Cottey College,Nevada
Missouri,Ozark Christian College,Joplin
Missouri,Goldfarb School of Nursing at Barnes-Jewish College,St. Louis
Missouri,Central Christian College of the Bible,Moberly 
Missouri,Calvary University,Kansas City
Missouri,Cox College,Springfield
Missouri,Baptist Bible College,Springfield
Missouri,St. Louis Christian College,Florissant
Missouri,Research College of Nursing,Kansas City
New Mexico,University of New Mexico,Albuquerque 
New Mexico,New Mexico State University,Las Cruces
New Mexico,New Mexico Institute of Mining and Technology,Socorro
New Mexico,Eastern New Mexico University,Portales
New Mexico,New Mexico Highlands University,Las Vegas
New Mexico,Western New Mexico University,Silver City
New Mexico,University of the Southwest,Hobbs
New Mexico,Northern New Mexico College,Espanola 
New Mexico,"Southwestern College, Santa Fe",Santa Fe
New York,Cornell University,Ithaca
New York,Columbia University in the City of New York,New York City
New York,New York University,New York City 
New York,University of Rochester,Rochester
New York,"University at Buffalo, State University of New York",Buffalo 
New York,Syracuse University,Syracuse
New York,Fordham University,The Bronx 
New York,Rochester Institute of Technology,Rochester
New York,Rensselaer Polytechnic Institute,Troy 
New York,Stony Brook University,Stony Brook
New York,"University at Albany, State University of New York",Albany
New York,The New School,New York City
New York,"Binghamton University, State University of New York",Vestal
New York,United States Military Academy,West Point
New York,Bard College,Annandale-on-Hudson
New York,Pace University,New York City 
Mississippi,Mississippi State University,Mississippi State 
Mississippi,University of Mississippi,University
Mississippi,University of Southern Mississippi,Hattiesburg
Mississippi,University of Mississippi Medical Center,Jackson
Mississippi,Jackson State University,Jackson
Mississippi,Mississippi College,Clinton
Mississippi,Tougaloo College,Tougaloo 
Mississippi,Delta State University,Cleveland
Mississippi,Mississippi University for Women,Columbus
Minnesota,University of Minnesota-Twin Cities,Minneapolis 
Minnesota,Carleton College,Northfield
Minnesota,University of St. Thomas,Saint Paul 
Minnesota,Rasmussen College,St. Cloud 
Minnesota,"Minnesota State University, Mankato",Mankato 
Minnesota,St. Olaf College,Northfield
Minnesota,College of Saint Benedict/Saint John's University,St. Joseph 
Minnesota,Macalester College,Saint Paul
Minnesota,St. Cloud State University,St. Cloud
New York,Vassar College,Poughkeepsie
New York,Marist College,Poughkeepsie
New York,Hofstra University,Hempstead
New York,Yeshiva University,New York City
New York,Ithaca College,Ithaca
New York,The Rockefeller University,New York City
New York,Barnard College,New York City
New York,St. John's University,Queens 
New York,Fashion Institute of Technology,New York City
New York,School of Visual Arts,New York City
New York,Colgate University,Hamilton
New York,Hamilton College,Clinton
New York,Pratt Institute,Brooklyn
New York,Long Island University,Brooklyn 
New York,State University of New York at Oswego,Oswego
Mississippi,Belhaven University,Jackson
Mississippi,William Carey University,Hattiesburg 
Mississippi,Millsaps College,Jackson
Mississippi,Alcorn State University,Lorman
Mississippi,Mississippi Valley State University,Itta Bena
Mississippi,Rust College,Holly Springs
Mississippi,Blue Mountain College,Blue Mountain
Mississippi,Southeastern Baptist College,Laurel
Minnesota,Hamline University,Saint Paul
Minnesota,Gustavus Adolphus College,St. Peter
Minnesota,St. Catherine University,Saint Paul
Minnesota,Augsburg University,Minneapolis
Minnesota,Minnesota State University Moorhead,Moorhead
Minnesota,Bethel University,Saint Paul 
Minnesota,The College of St. Scholastica,Duluth 
Minnesota,Winona State University,Winona
Minnesota,Concordia College,Moorhead
Minnesota,"Concordia University, St. Paul",Saint Paul
Minnesota,Southwest Minnesota State University,Marshall
Minnesota,Saint Mary's University of Minnesota,Winona 
Minnesota,Minneapolis College of Art and Design,Minneapolis
Minnesota,Bemidji State University,Bemidji
Minnesota,Mitchell Hamline School of Law,Saint Paul
Minnesota,University of Northwestern - St. Paul,Saint Paul 
Minnesota,Metropolitan State University,Saint Paul
Minnesota,Mayo Clinic College of Medicine and Science,Rochester
Minnesota,Crown College,St. Bonifacius 
Minnesota,Northwestern Health Sciences University,Bloomington
Minnesota,North Central University,Minneapolis
Minnesota,Dunwoody College of Technology,Minneapolis
New York,Clarkson University,Potsdam 
New York,Skidmore College,Saratoga Springs
New York,SUNY College of Environmental Science and Forestry,Syracuse
New York,The Culinary Institute of America,Hyde Park 
New York,Union College,Schenectady
New York,The Juilliard School,New York City
New York,Hobart and William Smith Colleges,Geneva
New York,SUNY Geneseo,Geneseo
New York,Adelphi University,Garden City
New York,State University of New York at New Paltz,New Paltz
New York,New York Institute of Technology,Old Westbury 
New York,SUNY Upstate Medical University,Syracuse
New York,Siena College,Loudonville
New York,The Cooper Union for the Advancement of Science and Art,New York City
New York,Touro College,New York City 
New York,SUNY College at Oneonta,Oneonta
Massachusetts,Massachusetts Institute of Technology,Cambridge
Massachusetts,Harvard University,Cambridge
Massachusetts,Boston University,Boston 
Massachusetts,Tufts University,Medford
Maryland,Johns Hopkins University,Baltimore 
Maryland,University of Maryland,College Park
Maryland,"University of Maryland, Baltimore County",Baltimore
Maryland,"University of Maryland, Baltimore",Baltimore
Maryland,Towson University,Towson
Maryland,University of Baltimore,Baltimore
Maryland,United States Naval Academy,Annapolis
Maryland,Loyola University Maryland,Baltimore
Maryland,Morgan State University,Baltimore
Maryland,Frostburg State University,Frostburg 
Maryland,Salisbury University,Salisbury
Maryland,Goucher College,Towson
Maryland,Uniformed Services University of the Health Sciences,Bethesda
Maryland,Maryland Institute College of Art,Baltimore
Maryland,Washington College,Chestertown
Maryland,Hood College,Frederick
Maryland,St. Mary's College of Maryland,St. Mary's City
Maryland,McDaniel College,Westminster 
Maryland,Capitol Technology University,Laurel
Michigan,University of Michigan,Ann Arbor 
Michigan,Michigan State University,East Lansing
Michigan,Wayne State University,Detroit
Michigan,Michigan Technological University,Houghton
Michigan,Western Michigan University,Kalamazoo
Michigan,Grand Valley State University,Allendale 
Michigan,Calvin University,Grand Rapids
Michigan,Central Michigan University,Mount Pleasant
Michigan,Ferris State University,Big Rapids
Michigan,Oakland University,Rochester
Michigan,Eastern Michigan University,Ypsilanti 
Michigan,Hillsdale College,Hillsdale
Michigan,Northern Michigan University,Marquette
Michigan,Hope College,Holland
Michigan,Andrews University,Berrien Springs
Michigan,University of Detroit Mercy,Detroit
Michigan,Lake Superior State University,Sault Ste. Marie
Michigan,Kettering University,Flint
Maine,The University of Maine,Orono
Maine,Colby College,Waterville
Maine,Bowdoin College,Brunswick
Maine,Bates College,Lewiston
Maine,University of New England,Biddeford 
Maine,University of Southern Maine,Portland 
Maine,Husson University,Bangor
Maine,Unity College,Unity
Maine,College of the Atlantic,Bar Harbor
Maine,Maine College of Art,Portland
Maine,Maine Maritime Academy,Castine
Maine,University of Maine at Augusta,Augusta
Maine,Thomas College,Waterville
Maine,Saint Joseph's College of Maine,Standish 
Maine,University of Maine at Presque Isle,Presque Isle 
Maine,University of Maine at Fort Kent,Fort Kent
Maine,University of Maine at Machias,Machias
Maine,University of Maine at Farmington,Farmington
Minnesota,Martin Luther College,New Ulm
Minnesota,Adler Graduate School,Minnetonka
Minnesota,Bethany Lutheran College,Mankato
Minnesota,Oak Hills Christian College,Bemidji
New York,Sarah Lawrence College,Bronxville
New York,The State University of New York at Potsdam,Potsdam
New York,Icahn School of Medicine at Mount Sinai,New York City
New York,SUNY Cortland,Cortland
New York,SUNY Downstate Medical Center,Brooklyn
New York,St. Lawrence University,Canton
New York,SUNY Empire State College,Saratoga Springs
New York,The College at Brockport,Brockport
New York,SUNY Polytechnic Institute,Utica
New York,Le Moyne College,Syracuse
New York,Alfred University,Alfred
New York,New York Law School,New York City
New York,Canisius College,Buffalo
New York,St. Bonaventure University,St. Bonaventure
New York,State University of New York at Fredonia,Fredonia
New York,"Purchase College, State University of New York",Purchase
New York,State University of New York College at Plattsburgh,Plattsburgh 
New York,Mercy College,Dobbs Ferry
Massachusetts,University of Massachusetts Amherst,Amherst
Massachusetts,Northeastern University,Boston 
Massachusetts,Boston College,Chestnut Hill
Massachusetts,Brandeis University,Waltham
Massachusetts,Worcester Polytechnic Institute,Worcester
Massachusetts,Williams College,Williamstown
Massachusetts,University of Massachusetts Boston,Boston
Massachusetts,Smith College,Northampton
Massachusetts,Berklee College of Music,Boston
Massachusetts,Mount Holyoke College,South Hadley
Massachusetts,Wellesley College,Wellesley
Massachusetts,Clark University,Worcester
Massachusetts,Amherst College,Amherst
Massachusetts,University of Massachusetts Lowell,Lowell
Maryland,Bowie State University,Bowie
Maryland,Mount St. Mary's University,Emmitsburg 
Maryland,St John's College,Annapolis 
Maryland,University of Maryland Eastern Shore,Princess Anne
Maryland,Notre Dame of Maryland University,Baltimore
Maryland,Coppin State University,Baltimore
Maryland,Stevenson University,Stevenson 
Maryland,Maryland University of Integrative Health,Laurel
Maryland,Washington Adventist University,Takoma Park
Michigan,Kalamazoo College,Kalamazoo
Michigan,Albion College,Albion
Michigan,Saginaw Valley State University,University Center
Michigan,University of Michigan-Flint,Flint 
Michigan,Lawrence Technological University,Southfield
Michigan,Baker College,Flint 
Michigan,University of Michigan-Dearborn,Dearborn
Michigan,Northwood University,Midland 
Michigan,Davenport University,Grand Rapids 
Michigan,Spring Arbor University,Spring Arbor
Michigan,Cornerstone University,Grand Rapids
Michigan,Alma College,Alma
Michigan,College for Creative Studies,Detroit
Michigan,Aquinas College,Grand Rapids
Michigan,Adrian College,Adrian
Michigan,Madonna University,Livonia 
Michigan,Finlandia University,Hancock
New York,Brooklyn Law School,Brooklyn
New York,St. John Fisher University,Rochester
New York,Manhattan College,Riverdale
New York,Niagara University,Niagara University
New York,Utica College,Utica
New York,"Lehman College, CUNY",The Bronx
New York,Albany Medical College,Albany
New York,Iona College,New Rochelle
New York,New York Medical College,Valhalla
New York,United States Merchant Marine Academy,Kings Point 
New York,Nazareth College,Rochester
New York,Manhattan School of Music,New York City
Massachusetts,University of Massachusetts Medical School,Worcester
Massachusetts,Babson College,Babson Park
Massachusetts,Suffolk University,Boston 
Massachusetts,University of Massachusetts Dartmouth,North Dartmouth
Massachusetts,Simmons University,Boston
Massachusetts,College of the Holy Cross,Worcester
Massachusetts,Emerson College,Boston
Massachusetts,Bentley University,Waltham
Massachusetts,Hampshire College,Amherst
Massachusetts,Bridgewater State University,Bridgewater
Massachusetts,Hult International Business School,Cambridge 
Michigan,Walsh College,Troy
Michigan,Cranbrook Academy of Art,Bloomfield Hills
Michigan,Olivet College,Olivet
Michigan,Siena Heights University,Adrian
Michigan,Concordia University Ann Arbor,Ann Arbor
Michigan,Cleary University,Howell 
Michigan,Rochester University,Rochester Hills
Michigan,Kuyper College,Grand Rapids
Michigan,Grace Christian University,Wyoming
Michigan,Michigan School of Psychology,Farmington Hills
Michigan,Great Lakes Christian College,Lansing
New York,Bank Street College of Education,New York City
New York,Manhattanville College,Purchase
New York,Hartwick College,Oneonta
New York,Farmingdale State College,Farmingdale
New York,Wagner College,Staten Island
New York,Morrisville State College,Morrisville
New York,The Sage Colleges,Troy 
New York,Molloy College,Rockville Centre
New York,Paul Smith's College,Paul Smiths
New York,The College of Saint Rose,Albany
New York,D'Youville College,Buffalo
New York,John Jay College of Criminal Justice,New York City
Massachusetts,Lesley University,Cambridge 
Massachusetts,"Wheaton College, Massachusetts",Norton
Massachusetts,Salem State University,Salem
Massachusetts,Gordon College,Wenham 
Massachusetts,Assumption College,Worcester
Massachusetts,Regis College,Weston
Massachusetts,Springfield College,Springfield
Massachusetts,Merrimack College,North Andover
Massachusetts,Massachusetts College of Art and Design,Boston
Massachusetts,Western New England University,Springfield 
Massachusetts,Franklin W. Olin College of Engineering,Needham
Massachusetts,Stonehill College,Easton
Massachusetts,Wentworth Institute of Technology,Boston
Massachusetts,Endicott College,Beverly
Massachusetts,New England Conservatory,Boston
Massachusetts,Framingham State University,Framingham
Massachusetts,Boston Architectural College,Boston
New York,Daemen College,Amherst
New York,Roberts Wesleyan College,Rochester
New York,"Hunter College, CUNY",New York City
New York,Elmira College,Elmira
New York,Alfred State College,Alfred
New York,Houghton College,Houghton 
New York,Mount Saint Mary College,Newburgh
New York,Wells College,Aurora
New York,Albany Law School,Albany
New York,SUNY Cobleskill,Cobleskill
New York,Bryant and Stratton College,Buffalo 
New York,St. Joseph's College,Brooklyn 
New York,Monroe College,The Bronx 
New York,SUNY Maritime College,Throggs Neck
New York,SUNY Canton,Canton
New York,St. Francis College,Brooklyn Heights
New York,SUNY College at Old Westbury,Old Westbury
Massachusetts,MCPHS University,Boston 
Massachusetts,Bard College at Simon's Rock,Great Barrington
Massachusetts,Emmanuel College,Boston
Massachusetts,Worcester State University,Worcester
Massachusetts,Fitchburg State University,Fitchburg
Massachusetts,New England Law | Boston,Boston
Massachusetts,Nichols College,Dudley
Massachusetts,Massachusetts College of Liberal Arts,North Adams
Massachusetts,Cambridge College,Boston 
Massachusetts,Bay Path University,Longmeadow
Massachusetts,American International College,Springfield
Massachusetts,Curry College,Milton
Massachusetts,MGH Institute of Health Professions,Boston
New York,SUNY Delhi,Delhi
New York,Berkeley College,New York City 
New York,Keuka College,Keuka Park
New York,Buffalo State College,Buffalo
New York,Medaille College,Buffalo
New York,College of Mount Saint Vincent,The Bronx
New York,LIM College,New York City
New York,Relay Graduate School of Education,New York City
New York,Concordia College-New York,Bronxville
New York,Nyack College,Nyack
New York,Marymount Manhattan College,New York City
New York,Hilbert College,Hamburg
New York,The King's College,New York City
New York,Cazenovia College,Cazenovia
New York,SUNY College of Optometry,New York City
Massachusetts,Massachusetts Maritime Academy,Buzzards Bay
Massachusetts,Lasell University,Newton
Massachusetts,Eastern Nazarene College,Quincy
Massachusetts,William James College,Newton
Massachusetts,Dean College,Franklin
Massachusetts,Anna Maria College,Paxton
Massachusetts,College of Our Lady of the Elms,Chicopee
Massachusetts,Pine Manor College,Chestnut Hill
Massachusetts,Hebrew College,Newton Centre
Massachusetts,Montserrat College of Art,Beverly
Massachusetts,Becker College,Worcester 
Massachusetts,Bay State College,Boston 
Massachusetts,Fisher College,Boston 
Massachusetts,Benjamin Franklin Institute of Technology,Boston
Massachusetts,Boston Graduate School of Psychoanalysis,Brookline 
Massachusetts,Massachusetts School of Law,Andover
New York,New York Academy of Art,New York City
New York,Metropolitan College of New York,New York City
New York,Vaughn College of Aeronautics and Technology,Flushing
New York,St. Thomas Aquinas College,Sparkill
New York,Dominican College,Orangeburg
New York,Webb Institute,Glen Cove
New York,New York School of Interior Design,New York City
New York,Albany College of Pharmacy and Health Sciences,Albany
New York,"Queens College, City University of New York",New York City
New York,New York College of Podiatric Medicine,New York City
New York,"Baruch College, CUNY",New York City
New York,Brooklyn College,Brooklyn
New York,"The Graduate Center, CUNY",New York City
Massachusetts,New England College of Optometry,Boston
Massachusetts,Westfield State University,Westfield
Massachusetts,Conway School of Landscape Design,Northampton
Massachusetts,Labouré College,Milton
Massachusetts,Northpoint Bible College,Haverhill
New York,Villa Maria College,Buffalo
New York,The City College of New York,New York City
New York,Maria College,Albany
New York,The College of Westchester,White Plains
New York,"New York City College of Technology, CUNY",Brooklyn
New York,"York College, City University of New York",Jamaica
New York,Trocaire College,Buffalo
New York,Davis College,Johnson City 
New York,Five Towns College,Dix Hills
New York,College of Staten Island,Staten Island
New York,Boricua College,New York City
New York,Jamestown Business College,Jamestown
New York,Medgar Evers College,Brooklyn
New York,Plaza College,New York City
New York,CUNY School of Law,Long Island City
New York,Helene Fuld College of Nursing,New York City
Louisiana,Louisiana State University,Baton Rouge
Louisiana,Tulane University,New Orleans
Louisiana,Loyola University New Orleans,New Orleans
Louisiana,University of Louisiana at Lafayette,Lafayette
Louisiana,University of New Orleans,New Orleans
Louisiana,Louisiana Tech University,Ruston
Louisiana,Louisiana State University Health Sciences Center,New Orleans 
Louisiana,Southeastern Louisiana University,Hammond
Louisiana,University of Louisiana at Monroe,Monroe
Louisiana,Xavier University of Louisiana,New Orleans
Louisiana,Northwestern State University of Louisiana,Natchitoches
Louisiana,Southern University and A&M College,Baton Rouge
Louisiana,Dillard University,New Orleans
Louisiana,McNeese State University,Lake Charles
Louisiana,Grambling State University,Grambling
Louisiana,Louisiana State University in Shreveport,Shreveport 
Louisiana,Centenary College of Louisiana,Shreveport
Louisiana,Nicholls State University,Thibodaux
Louisiana,Louisiana State University Health Sciences Center-Shreveport,Shreveport
Louisiana,Southern University at New Orleans,New Orleans
Louisiana,Louisiana State University of Alexandria,Alexandria
Louisiana,Louisiana College,Pineville
Louisiana,Southern University Law Center,Baton Rouge
Louisiana,University of Holy Cross,New Orleans
Louisiana,Franciscan Missionaries of Our Lady University,Baton Rouge
Kentucky,University of Kentucky,Lexington
Kentucky,University of Louisville,Louisville 
Kentucky,Western Kentucky University,Bowling Green
Kentucky,Eastern Kentucky University,Richmond
Kentucky,Northern Kentucky University,Highland Heights 
Kentucky,Berea College,Berea
Kentucky,Murray State University,Murray 
Kentucky,Bellarmine University,Louisville
Kentucky,Kentucky State University,Frankfort
Kentucky,Morehead State University,Morehead 
Kansas,University of Kansas,Lawrence 
Kansas,Kansas State University,Manhattan 
Kansas,Wichita State University,Wichita
Kansas,Emporia State University,Emporia
Kansas,Fort Hays State University,Hays
Kansas,Pittsburg State University,Pittsburg
Kansas,Washburn University,Topeka
Kansas,Baker University,Baldwin City
Kansas,Southwestern College,Winfield
Kansas,Ottawa University,Ottawa 
Kansas,Bethel College,North Newton
Kansas,Benedictine College,Atchison
Kansas,Sterling College,Sterling
Kansas,MidAmerica Nazarene University,Olathe
Kansas,Friends University,Wichita 
Kansas,Newman University,Wichita 
Kansas,Tabor College,Hillsboro
Kansas,McPherson College,McPherson
Iowa,University of Iowa,Iowa City 
Iowa,Iowa State University,Ames
Iowa,University of Northern Iowa,Cedar Falls
Iowa,Grinnell College,Grinnell
Iowa,Drake University,Des Moines
Iowa,Maharishi International University,Fairfield
Iowa,Central College,Pella
Iowa,Luther College,Decorah
Iowa,Cornell College,Mount Vernon
Iowa,St. Ambrose University,Davenport
Iowa,Wartburg College,Waverly
Iowa,Simpson College,Indianola
Iowa,Buena Vista University,Storm Lake
Kentucky,Centre College,Danville
Kentucky,Transylvania University,Lexington
Kentucky,Georgetown College,Georgetown
Kentucky,Lindsey Wilson College,Columbia
Kentucky,Campbellsville University,Campbellsville
Kentucky,Asbury University,Wilmore
Kentucky,Spalding University,Louisville
Kentucky,University of the Cumberlands,Williamsburg
Kentucky,Thomas More University,Crestview Hills
Kentucky,Midway University,Midway
Kentucky,Brescia University,Owensboro
Kentucky,University of Pikeville,Pikeville
Kentucky,Sullivan University,Louisville 
Kansas,Kansas Wesleyan University,Salina
Kansas,University of Saint Mary,Leavenworth 
Kansas,Cleveland University-Kansas City,Overland Park
Kansas,Barclay College,Haviland
Kansas,"Bethany College, Kansas",Lindsborg
Kansas,Central Christian College of Kansas,McPherson
Kansas,Manhattan Christian College,Manhattan
Kansas,Donnelly College,Kansas City
Iowa,Coe College,Cedar Rapids
Iowa,Des Moines University,Des Moines
Iowa,Dordt University,Sioux Center
Iowa,Upper Iowa University,Fayette 
Iowa,Mount Mercy University,Cedar Rapids
Iowa,Loras College,Dubuque
Iowa,Northwestern College,Orange City
Iowa,Clarke University,Dubuque
Iowa,Graceland University,Lamoni
Iowa,University of Dubuque,Dubuque
Iowa,Morningside College,Sioux City
Iowa,Grand View University,Des Moines
Iowa,Briar Cliff University,Sioux City
Iowa,Waldorf University,Forest City
Iowa,Faith Baptist Bible College and Theological Seminary,Ankeny
Iowa,William Penn University,Oskaloosa
Iowa,Mercy College of Health Sciences,Des Moines
Kentucky,Kentucky Wesleyan College,Owensboro
Kentucky,"Union College, Kentucky",Barbourville
Kentucky,Alice Lloyd College,Pippa Passes
Kentucky,Kentucky Christian University,Grayson
Kentucky,Clear Creek Baptist Bible College,Pineville
Indiana,Purdue University,West Lafayette
Indiana,Indiana University Bloomington,Bloomington
Indiana,University of Notre Dame,Notre Dame
Indiana,Indiana University - Purdue University Indianapolis,Indianapolis
Indiana,Ball State University,Muncie
Indiana,Earlham College,Richmond
Indiana,Indiana State University,Terre Haute
Indiana,Hanover College,Hanover
Indiana,DePauw University,Greencastle
Indiana,University of Evansville,Evansville
Indiana,Valparaiso University,Valparaíso
Indiana,Butler University,Indianapolis
Indiana,Purdue University Fort Wayne,Fort Wayne
Iowa,Emmaus Bible College,Dubuque
Iowa,Iowa Wesleyan University,Mount Pleasant
Iowa,Allen College,Waterloo
Indiana,Rose-Hulman Institute of Technology,Terre Haute
Indiana,University of Southern Indiana,Evansville
Indiana,Wabash College,Crawfordsville
Indiana,University of Indianapolis,Indianapolis
Indiana,Goshen College,Goshen
Indiana,Indiana Wesleyan University,Marion
Indiana,Taylor University,Upland 
Indiana,Indiana University South Bend,South Bend 
Indiana,Indiana University Southeast,New Albany
Indiana,Marian University,Indianapolis
Indiana,Purdue University Northwest,Hammond
Indiana,Saint Mary's College,Notre Dame 
Indiana,Vincennes University,Vincennes
Indiana,Manchester University,North Manchester 
Indiana,"Anderson University, Indiana",Anderson 
Indiana,Indiana University Northwest,Gary
Indiana,Grace College,Winona Lake 
Indiana,Trine University,Angola
Indiana,Huntington University,Huntington 
Indiana,Franklin College,Franklin
Indiana,Saint Mary-of-the-Woods College,Saint Mary of the Woods
Indiana,Indiana Institute of Technology,Fort Wayne 
Indiana,University of Saint Francis,Fort Wayne 
Indiana,Bethel University,Mishawaka
Indiana,Indiana University East,Richmond
Indiana,Oakland City University,Oakland City
Indiana,Calumet College of St. Joseph,Whiting
Indiana,Holy Cross College,Notre Dame
Indiana,Indiana University Kokomo,Kokomo
Indiana,Martin University,Indianapolis
Indiana,Indiana University Fort Wayne,Fort Wayne
