keyword_search,business_name,phone_number,address,zip_code,URL
auto-body-shop,Best 4 Less Auto Body Shop,(323) 587-3914,2017 Firestone Blvd Los Angeles CA 90001,90001,https://ezlocal.com/ca/los-angeles/auto-painting/095955429
auto-body-shop,Raymond's Auto Body Shop,(323) 778-0850,8429 S Figueroa St Los Angeles CA 90003,90003,https://ezlocal.com/ca/los-angeles/auto-painting/096194512
auto-body-shop,Jessy's Auto Body,(323) 233-1536,6016 S Central Ave Los Angeles CA 90001,90001,https://ezlocal.com/ca/los-angeles/auto-body-shop/099136380
auto-body-shop,Ramirez Auto Body Shop,(323) 752-2548,6132 S Vermont Ave Los Angeles CA 90044,90044,https://ezlocal.com/ca/los-angeles/auto-painting/096201410
auto-body-shop,Auto Claim Body Shop,(323) 749-6280,2215 E Florence Ave Huntington Park CA 90255,90255,https://ezlocal.com/ca/huntington-park/automobile-painting/0912156153
auto-body-shop,Goodwill Auto Body Shop,(323) 563-7334,9950 State St Lynwood CA 90262,90262,https://ezlocal.com/ca/lynwood/auto-painting/096194054
auto-body-shop,Javier J Pelaez Body Shop,(323) 581-4271,1855 E Gage Ave Los Angeles CA 90001,90001,https://ezlocal.com/ca/los-angeles/automobile-body-shop-services/0914011408
auto-body-shop,Golden Body Auto Shop,(323) 531-2802,227 E Florence Ave Los Angeles CA 90003,90003,https://ezlocal.com/ca/los-angeles/automobile---repairs-and-services/0913764509
auto-body-shop,Quinto Auto Body,(323) 588-7005,6500 S Central Ave Los Angeles CA 90001,90001,https://ezlocal.com/ca/los-angeles/auto-painting/096194037
auto-body-shop,Internatl Auto Body & Paint Shop,(323) 583-2083,2771 E Slauson Ave Huntington Park CA 90255,90255,https://ezlocal.com/ca/huntington-park/auto-painting/096192738
auto-body-shop,Pacos Body Shop,(323) 235-6272,5979 Avalon Blvd Los Angeles CA 90003,90003,https://ezlocal.com/ca/los-angeles/auto-painting/096194511
auto-body-shop,Yax Collision Body Shop,(323) 759-9901,6710 Avalon Blvd Los Angeles CA 90003,90003,https://ezlocal.com/ca/los-angeles/automobile---body-repairs-and-painting/0913982222
auto-body-shop,Gilbert's Body Shop,(323) 583-0482,2357 E Slauson Ave Los Angeles CA 90058,90058,https://ezlocal.com/ca/los-angeles/auto-painting/091608066
auto-body-shop,Leon Car Mechanic,(323) 775-4981,7934 Alameda Street Huntington Park CA 90255,90255,https://ezlocal.com/ca/huntington-park/auto-body-shop/0917811377
auto-body-shop,Espinoza Body Shop,(323) 567-9874,8602 Long Beach Blvd South Gate CA 90280,90280,https://ezlocal.com/ca/south-gate/automobile-body-shop-services/096203951
auto-body-shop,Rubens Dent Recon,(323) 691-3330,2768 3/4 Randolph St Hunting Park CA 90255,90255,https://ezlocal.com/ca/hunting-park/auto-body-shop/0918587676
auto-body-shop,Kiko's Auto Repair & Body Shop,(323) 588-0036,5508 Bandera St Los Angeles CA 90058,90058,https://ezlocal.com/ca/los-angeles/automobile-dealers-used-cars/0912481176
auto-body-shop,Paint Bodyshop,(323) 992-8855,8150 Marbrisa Ave SPACE #1 Huntington Park CA 90255,90255,https://ezlocal.com/ca/huntington-park/auto-body-shop/0918067194
auto-body-shop,A Wraps,(323) 749-0724,2556 Cudahy St Huntington Park CA 90255,90255,https://ezlocal.com/ca/huntington-park/auto-body-shop/0918089752
auto-body-shop,Del Reyes's Auto Body,(323) 450-0022,5801 S Central Ave Los Angeles CA 90011,90011,https://ezlocal.com/ca/los-angeles/automotive-body-repair-and-painting/0915429323
auto-body-shop,Flores Body Shop,(323) 971-5278,214 E Manchester Ave Los Angeles CA 90003,90003,https://ezlocal.com/ca/los-angeles/auto-painting/096194509
auto-body-shop,K & C Auto Body,(323) 581-4234,2431 E Slauson Ave Huntington Park CA 90255,90255,https://ezlocal.com/ca/huntington-park/auto-painting/092051845
auto-body-shop,California Body Shop,(323) 357-6100,9303 S Alameda St Los Angeles CA 90002,90002,https://ezlocal.com/ca/los-angeles/auto-painting/095922881
auto-body-shop,Mr Chuy's Tires & Auto Service,(323) 476-7882,8602 State St South Gate CA 90280,90280,https://ezlocal.com/ca/south-gate/auto-body-shop/097801387
auto-body-shop,Golden Body Shop,(323) 277-9235,834 E Florence Ave Los Angeles CA 90001,90001,https://ezlocal.com/ca/los-angeles/automobile-painting/098700757
auto-body-shop,Body Shop,(323) 231-2774,5013 S Broadway Los Angeles CA 90037,90037,https://ezlocal.com/ca/los-angeles/automobile-body-shop-services/0915429346
auto-body-shop,Jerry's Body Shop,(323) 588-1131,3125 E Gage Ave Huntington Park CA 90255,90255,https://ezlocal.com/ca/huntington-park/auto-painting/096203765
auto-body-shop,Happy Forever Body Shop and Auto Repair,(213) 263-0494,226 East Florence Avenue Los Angeles CA 90003,90003,https://ezlocal.com/ca/los-angeles/member/0916404453
auto-body-shop,J H Auto Body,(323) 582-5590,2628 E 55th St Huntington Park CA 90255,90255,https://ezlocal.com/ca/huntington-park/auto-painting/096203764
auto-body-shop,America Auto Body Parts,(323) 584-6614,7401 S Alameda St Los Angeles CA 90001,90001,https://ezlocal.com/ca/los-angeles/automobile-parts-and-supplies/0916064043
auto-body-shop,Cruz Body Shop,(323) 751-3213,227 E Florence Ave Los Angeles CA 90003,90003,https://ezlocal.com/ca/los-angeles/automobile-painting/098884955
auto-body-shop,Tony & George Body Shop,(323) 582-2169,8637 S Alameda St Los Angeles CA 90002,90002,https://ezlocal.com/ca/los-angeles/automobile-painting/0914617393
auto-body-shop,Perez Auto Body,(323) 588-8354,2207 E Manchester Ave Los Angeles CA 90001,90001,https://ezlocal.com/ca/los-angeles/automobile-painting/0912280000
auto-body-shop,Car King Repairs,(818) 339-2547,1768 E 43rd St Los Angeles CA 90058,90058,https://ezlocal.com/ca/los-angeles/auto-body-shop/0917747598
auto-body-shop,Air Suspension R & J,(213) 926-4627,703 W Manchester Ave Los Angeles CA 90044,90044,https://ezlocal.com/ca/los-angeles/auto-body-shop/094071974
auto-body-shop,The Right Deal Body Shop,(323) 789-6880,7410 Avalon Blvd Los Angeles CA 90003,90003,https://ezlocal.com/ca/los-angeles/automobile-painting/0912828467
auto-body-shop,LUXE Auto Body Shop,(310) 409-4164,4732 Manhattan Beach Blvd Lawndale CA 90260,90260,https://ezlocal.com/ca/lawndale/auto-body-shop/0917590071
auto-body-shop,Noble's Body Shop,(323) 753-6259,815 W Florence Ave Los Angeles CA 90044,90044,https://ezlocal.com/ca/los-angeles/auto-painting/096201412
auto-body-shop,Luis Body Shop,(323) 778-4505,821 W Florence Ave Los Angeles CA 90044,90044,https://ezlocal.com/ca/los-angeles/auto-painting/094918743
auto-body-shop,Red Star Auto Body,(323) 232-9822,6010 S San Pedro St Los Angeles CA 90003,90003,https://ezlocal.com/ca/los-angeles/ase-certified/096194521
auto-body-shop,G & G Auto Body Shop,(310) 632-4711,11104 Alameda St Lynwood CA 90262,11104,https://ezlocal.com/ca/lynwood/automotive-body-repair-and-painting/099523258
auto-body-shop,Ar Auto Shop,(323) 588-2232,1601 Firestone Blvd Los Angeles CA 90001,90001,https://ezlocal.com/ca/los-angeles/ase-certified/096194046
auto-body-shop,Joe's Auto Body & Paint,(323) 753-3222,355 E Manchester Ave Los Angeles CA 90003,90003,https://ezlocal.com/ca/los-angeles/automobile-painting/099732496
auto-body-shop,Avalon Body Shop,(323) 242-9405,9200 Avalon Blvd Los Angeles CA 90003,90003,https://ezlocal.com/ca/los-angeles/collision-repair/09539162
auto-body-shop,Orellanas Towing & Body Shop Services,(323) 579-9738,"5872 S Central ave, Los Angeles CA 90001",90001,https://ezlocal.com/ca/los-angeles/salvage-yard/0917548860
auto-body-shop,Ed & George Auto Body,(323) 541-1280,7829 S Main St Los Angeles CA 90003,90003,https://ezlocal.com/ca/los-angeles/automobile-painting/0912737552
auto-body-shop,Car Pound Auto Body & Paint,(323) 586-0466,5742 Morgan Ave Los Angeles CA 90011,90011,https://ezlocal.com/ca/los-angeles/automobile-painting/0913229856
auto-body-shop,Jmp Body Shop,(323) 325-7898,4525 Staunton Ave Los Angeles CA 90058,90058,https://ezlocal.com/ca/los-angeles/automobile-painting/0913633081
auto-body-shop,West LA Auto Body Shop,(310) 758-5277,1977 South Sepulveda Boulevard Los Angeles CA 90025,90025,https://ezlocal.com/ca/los-angeles/auto-body-shop/0918209471
auto-body-shop,T Man's Auto Repair & Body Shop,(323) 753-5316,7527 S Figueroa St Los Angeles CA 90003,90003,https://ezlocal.com/ca/los-angeles/automobile---repairs-and-services/0910031408
auto-body-shop,A & B Auto Body Shop,(626) 280-8395,9117 Garvey Ave #C Rosemead CA 91770,91770,https://ezlocal.com/ca/rosemead/auto-body-shop/096182469
auto-body-shop,Maaco Auto Body Shop & Painting,(424) 233-0662,13900 S. Western Ave. Gardena CA 90249,13900,https://ezlocal.com/ca/gardena/auto-body-shop/094126784
auto-body-shop,Maaco Auto Body Shop & Painting,(424) 201-0276,21801 S. Western Ave. Torrance CA 90501,21801,https://ezlocal.com/ca/torrance/auto-body-shop/094125941
auto-body-shop,Maaco Auto Body Shop & Painting,(562) 261-2139,11205 Paramount Blvd. Downey CA 90241,11205,https://ezlocal.com/ca/downey/auto-body-shop/094126782
auto-body-shop,Maaco Auto Body Shop & Painting,(818) 861-9927,4515 San Fernando Rd. Glendale CA 91204,91204,https://ezlocal.com/ca/glendale/auto-body-shop/094125754
auto-body-shop,Maaco Auto Body Shop & Painting,(562) 567-0445,12625 E. Whittier Blvd. Whittier CA 90602,12625,https://ezlocal.com/ca/whittier/auto-body-shop/094125961
auto-body-shop,Maaco Auto Body Shop & Painting,(424) 271-0606,924 West 223rd Street Torrance CA 90502,90502,https://ezlocal.com/ca/torrance/auto-body-shop/094125940
auto-body-shop,Maaco Auto Body Shop & Painting,(424) 266-7744,13500 Crenshaw Blvd. Gardena CA 90249,13500,https://ezlocal.com/ca/gardena/auto-body-shop/094126785
auto-body-shop,Maaco Auto Body Shop & Painting,(562) 485-9455,2035 Carson St. Long Beach CA 90807,90807,https://ezlocal.com/ca/long-beach/auto-body-shop/094126788
auto-body-shop,Power Supply Auto Rebuilders,(323) 589-6649,2145 Firestone Blvd Los Angeles CA 90002,90002,https://ezlocal.com/ca/los-angeles/automobile-body-shop-services/095170187
auto-body-shop,The Bumper Shop,(323) 585-3865,828 E Florence Ave Los Angeles CA 90001,90001,https://ezlocal.com/ca/los-angeles/automobile-body-shop-equipment-and-supplies/096194294
auto-body-shop,Hercules Machine Shop,(323) 588-4949,2100 Laura Ave Huntington Park CA 90255,90255,https://ezlocal.com/ca/huntington-park/auto-machine-shop/096192760
auto-body-shop,J H Auto Body,(323) 589-1965,2628 E 55th St Huntington Park CA 90255,90255,https://ezlocal.com/ca/huntington-park/automobile-painting/098132350
auto-body-shop,Mikes Auto Glass,(323) 583-0219,7401 S Alameda St Los Angeles CA 90001,90001,https://ezlocal.com/ca/los-angeles/auto-glass-shop/094982389
auto-body-shop,Flores Body Shop,(323) 778-9041,6224 S Figueroa St Los Angeles CA 90003,90003,https://ezlocal.com/ca/los-angeles/automobile-painting/0912831454
auto-body-shop,323 Auto Collision Center,(323) 308-0554,355 E Manchester Ave Los Angeles CA 90003,90003,https://ezlocal.com/ca/los-angeles/auto-repair-shop/0917620463
auto-body-shop,Atlas Auto Body,(323) 569-9936,8651 Mountain View Ave South Gate CA 90280,90280,https://ezlocal.com/ca/south-gate/ase-certified/09514123
auto-body-shop,Al's Body Shop,(323) 588-7575,3215 E Gage Ave Huntington Park CA 90255,90255,https://ezlocal.com/ca/huntington-park/ase-certified/095807744
auto-body-shop,Tina's Auto Glass,(323) 778-8120,7200 Avalon Blvd Los Angeles CA 90003,90003,https://ezlocal.com/ca/los-angeles/auto-glass-shop/094609791
auto-body-shop,J and H Auto Body Inc,(323) 589-0163,2632 E 55th St Huntington Park CA 90255,90255,https://ezlocal.com/ca/huntington-park/automotive-body-repair-and-painting/0915464173
auto-body-shop,Sherman Kims Auto Body Repair,(323) 759-1191,6320 S Main St Los Angeles CA 90003,90003,https://ezlocal.com/ca/los-angeles/ase-certified/095332452
auto-body-shop,Auto Parts Plex,(323) 588-2296,7677 S Alameda St Los Angeles CA 90001,90001,https://ezlocal.com/ca/los-angeles/automobile-body-shop-equipment-and-supplies/099403152
auto-body-shop,Eric's Barber Shop,(323) 587-1190,1625 E Florence Ave Los Angeles CA 90001,90001,https://ezlocal.com/ca/los-angeles/barber-shop/096194074
auto-body-shop,Adam's Auto Body Shop,(310) 819-8630,16601 S Vermont Ave Gardena CA 90247,16601,https://ezlocal.com/ca/gardena/automobile-body-shop-services/0910850034
auto-body-shop,Alamo Auto Body Shop,(310) 645-6411,1213 W Arbor Vitae St Inglewood CA 90301,90301,https://ezlocal.com/ca/inglewood/automobile-body-shop-services/098515225
auto-body-shop,Valen's Flower Shop,(323) 585-5921,1317 E Florence Ave Los Angeles CA 90001,90001,https://ezlocal.com/ca/los-angeles/gift-shop/09628467
auto-body-shop,Chase Auto Body Shop,(818) 507-4242,4506 San Fernando Rd Glendale CA 91204,91204,https://ezlocal.com/ca/glendale/automobile-body-shop-services/0911899078
auto-body-shop,Rene's Auto Body Shop,(310) 513-6084,338 E Ste Carson St Carson CA 90745,90745,https://ezlocal.com/ca/carson/automobile-body-shop-services/096318591
auto-body-shop,J O & Sons Auto Electric,(323) 583-2776,7731 Compton Ave Los Angeles CA 90001,90001,https://ezlocal.com/ca/los-angeles/automobile-body-shop-equipment-and-supplies/091955875
auto-body-shop,Wheel & Deal Auto Wrecking,(323) 585-5880,8122 S Alameda St Huntington Park CA 90255,90255,https://ezlocal.com/ca/huntington-park/automobile-body-shop-equipment-and-supplies/095648680
auto-body-shop,Galaxy New & Used Auto Body Parts,(323) 584-2999,5819 Compton Ave Los Angeles CA 90011,90011,https://ezlocal.com/ca/los-angeles/insurance-agency/096196101
auto-body-shop,Firestone Complete Auto Care,(213) 863-0962,2651 E Gage Ave Huntington-Park CA 90255,90255,https://ezlocal.com/ca/huntington-park/auto-repair-shop/0916459547
auto-body-shop,Ruben's Body Shop,(323) 325-7485,4325 Avalon Blvd Los Angeles CA 90011,90011,https://ezlocal.com/ca/los-angeles/automobile-painting/0913652957
auto-body-shop,Brother Machine Shop,(323) 752-0310,6919 S Broadway Los Angeles CA 90003,90003,https://ezlocal.com/ca/los-angeles/auto-machine-shop/096194528
auto-body-shop,Zuniga Auto Body Shop,(323) 931-7372,5261 W Jefferson Blvd Los Angeles CA 90016,90016,https://ezlocal.com/ca/los-angeles/auto-painting/095692675
auto-body-shop,El Tigre Barber Shop,(323) 584-0507,7418 S Central Ave Los Angeles CA 90001,90001,https://ezlocal.com/ca/los-angeles/barber-shop/091363835
auto-body-shop,Ganc Auto Body Shop,(323) 755-8688,12415 Avalon Blvd Los Angeles CA 90061,12415,https://ezlocal.com/ca/los-angeles/auto-painting/091564054
auto-body-shop,Yosemite Auto Body Shop,(323) 737-2272,1923 S Vermont Ave Los Angeles CA 90007,90007,https://ezlocal.com/ca/los-angeles/auto-painting/095684621
auto-body-shop,San Pedro Auto Collision,(323) 789-6304,7314 S San Pedro St Los Angeles CA 90003,90003,https://ezlocal.com/ca/los-angeles/automobile-body-shop-equipment-and-supplies/099790631
auto-body-shop,York Auto Body Shop,(323) 254-0111,5141 York Blvd Los Angeles CA 90042,90042,https://ezlocal.com/ca/los-angeles/auto-painting/095844077
auto-body-shop,Olympic Auto Body Shop,(213) 487-7616,3033 W 6th St Los Angeles CA 90020,90020,https://ezlocal.com/ca/los-angeles/auto-painting/095883350
auto-body-shop,Cl Auto Body Shop,(323) 231-4472,4515 S Vermont Ave Los Angeles CA 90037,90037,https://ezlocal.com/ca/los-angeles/auto-painting/096200472
auto-body-shop,Johnny Barber Shop,(323) 587-9801,1872 Nadeau St Los Angeles CA 90001,90001,https://ezlocal.com/ca/los-angeles/barber-shop/096194075
auto-body-shop,Horns Auto Body Shop,(310) 886-0677,1411 N Long Beach Blvd Compton CA 90221,90221,https://ezlocal.com/ca/compton/automotive-body-repair-and-painting/092234645
auto-body-shop,Cool Body Piercing,(323) 233-4126,4501 S Alameda St Los Angeles CA 90058,90058,https://ezlocal.com/ca/los-angeles/body-piercing/099965476
auto-body-shop,Mira Barber Shop,(323) 583-3283,6108 Hooper Ave Los Angeles CA 90001,90001,https://ezlocal.com/ca/los-angeles/barber-shop/096194308
auto-body-shop,Montes Body,(323) 750-2383,6715 Mckinley Ave Los Angeles CA 90001,90001,https://ezlocal.com/ca/los-angeles/member/0914993920
auto-body-shop,United Auto Body Shop,(323) 269-7871,3075 E 4th St Los Angeles CA 90063,90063,https://ezlocal.com/ca/los-angeles/automotive-body-repair-and-painting/095567792
auto-body-shop,Redondo Auto Body Shop,(310) 376-7956,618 Mary Ann Dr Redondo Beach CA 90278,90278,https://ezlocal.com/ca/redondo-beach/automotive-body-repair-and-painting/096315863
auto-body-shop,Javier's Auto Repair,(323) 758-6081,7300 S Main St Los Angeles CA 90003,90003,https://ezlocal.com/ca/los-angeles/auto-repair-shop/096192959
auto-body-shop,Auto Body Garcias,(323) 586-0181,3501 Gage Ave Bell Gardens CA 90201,90201,https://ezlocal.com/ca/bell-gardens/automotive-body-repair-and-painting/0912136920
auto-body-shop,Danny's Auto Body,(323) 235-5841,4809 S Main St Los Angeles CA 90037,90037,https://ezlocal.com/ca/los-angeles/automobile-painting/0912327751
auto-body-shop,Felix and Dimas Body Shop,(323) 566-4200,3400 Firestone Blvd South Gate CA 90280,90280,https://ezlocal.com/ca/south-gate/auto-painting/096204010
auto-body-shop,Pancholin Barber Shop,(323) 759-9550,729 E Florence Ave Los Angeles CA 90001,90001,https://ezlocal.com/ca/los-angeles/barber-shop/091459530
auto-body-shop,"A&J Castro Auto Repair, Inc.",(323) 251-6708,5884 S Central Ave Los Angeles CA 90001,90001,https://ezlocal.com/ca/los-angeles/auto-repair-shop/094631024
auto-body-shop,Prestige Imports Auto Dismantlers,(323) 585-8110,7702 Maie Ave Los Angeles CA 90001,90001,https://ezlocal.com/ca/los-angeles/driveshaft-shop/09140099
auto-body-shop,La Playita Auto Body Repair,(323) 567-2866,2929 Firestone Blvd South Gate CA 90280,90280,https://ezlocal.com/ca/south-gate/automobile---repairs-and-services/0912779749
auto-body-shop,Diaz Tire Shop,(323) 582-2474,1613 Firestone Blvd Los Angeles CA 90001,90001,https://ezlocal.com/ca/los-angeles/tire-shop/09324209
auto-body-shop,1guadalajara Muffler Shop,(323) 581-6772,1601 Firestone Blvd Los Angeles CA 90001,90001,https://ezlocal.com/ca/los-angeles/muffler-shop/095955432
auto-body-shop,Blacky Boys Auto Repair & Machine Shop,(323) 588-0839,8418 Compton Ave Los Angeles CA 90001,90001,https://ezlocal.com/ca/los-angeles/ase-certified/09764470
auto-body-shop,Continental Barber Shop,(323) 582-0464,1351 Firestone Blvd Los Angeles CA 90001,90001,https://ezlocal.com/ca/los-angeles/barber-shop/091092374
auto-body-shop,Junior's Auto Body Shop & Parts,(323) 249-2217,6135 Whittier Blvd Los Angeles CA 90022,90022,https://ezlocal.com/ca/los-angeles/automobile-body-shop-services/0910796938
auto-body-shop,Ben Hur Auto Body Shop,(310) 538-0909,16804 S Vermont Ave Gardena CA 90247,16804,https://ezlocal.com/ca/gardena/automobile-body-shop-services/096314033
auto-body-shop,Hascar Professional Auto Body Shop,(323) 257-9306,5253 York Blvd Los Angeles CA 90042,90042,https://ezlocal.com/ca/los-angeles/automobile-body-shop-services/091739752
auto-body-shop,Superior Pv Auto Body Shop,(626) 401-2887,2637 Rosemead Blvd South El Monte CA 91733,91733,https://ezlocal.com/ca/south-el-monte/automobile-body-shop-services/095441135
auto-body-shop,A Perfect Finish Body Shop,(323) 357-9500,9220 Long Beach Blvd South Gate CA 90280,90280,https://ezlocal.com/ca/south-gate/ase-certified/096204016
auto-body-shop,Auto Body Shop Masters,(323) 661-8995,3300 W Sunset Blvd Los Angeles CA 90026,90026,https://ezlocal.com/ca/los-angeles/collision-repair/0976960
auto-body-shop,A Plus Smog & Auto Repair Inc,(323) 583-3790,2201 E Florence Ave Huntington Park CA 90255,90255,https://ezlocal.com/ca/huntington-park/auto-repair-shop/094539202
auto-body-shop,Mac Auto Body Shop,(626) 279-2709,2631 Lee Ave South El Monte CA 91733,91733,https://ezlocal.com/ca/south-el-monte/automobile-painting/099409530
auto-body-shop,Ted's Auto Body Shop,(310) 532-2394,2142 W 139th St Gardena CA 90249,90249,https://ezlocal.com/ca/gardena/ase-certified/0935144
auto-body-shop,Collision Experts Auto Body Shop,(424) 413-0821,3238 Rosecrans Avenue Hawthorne CA 90250,90250,https://ezlocal.com/ca/hawthorne/auto-repair-shop/0917352262
auto-body-shop,Adam's Auto Body Shop,(310) 538-3611,16611 S Vermont Ave Gardena CA 90247,16611,https://ezlocal.com/ca/gardena/car-detailing-service/096251897
auto-body-shop,Maaco Auto Body Shop & Painting,(562) 261-2139,11205 Paramount Blvd. Downey CA 90241,11205,https://ezlocal.com/ca/downey/foreign-auto-repair-shop/097550522
auto-body-shop,Gonzalez Auto Body Shop,(323) 290-9643,1713 W Slauson Ave Los Angeles CA 90047,90047,https://ezlocal.com/ca/los-angeles/ase-certified/091634630
auto-body-shop,Venice Auto Body Shop,(323) 734-8686,2580 Venice Blvd Los Angeles CA 90019,90019,https://ezlocal.com/ca/los-angeles/ase-certified/096197934
auto-body-shop,Maaco Auto Body Shop & Painting,(424) 201-0276,21801 S. Western Ave. Torrance CA 90501,21801,https://ezlocal.com/ca/torrance/foreign-auto-repair-shop/0917136697
auto-body-shop,Maaco Auto Body Shop & Painting,(424) 271-0606,924 West 223rd Street Torrance CA 90502,90502,https://ezlocal.com/ca/torrance/foreign-auto-repair-shop/098189915
auto-body-shop,Maaco Auto Body Shop & Painting,(818) 861-9927,4515 San Fernando Rd. Glendale CA 91204,91204,https://ezlocal.com/ca/glendale/foreign-auto-repair-shop/0917120207
auto-body-shop,Maaco Auto Body Shop & Painting,(562) 485-9455,2035 Carson St. Long Beach CA 90807,90807,https://ezlocal.com/ca/long-beach/foreign-auto-repair-shop/0917136709
auto-body-shop,Maaco Auto Body Shop & Painting,(562) 567-0445,12625 E. Whittier Blvd. Whittier CA 90602,12625,https://ezlocal.com/ca/whittier/foreign-auto-repair-shop/0917132152
auto-body-shop,Benson's Auto Dismantling,(323) 583-8941,7711 S Alameda St Los Angeles CA 90001,90001,https://ezlocal.com/ca/los-angeles/driveshaft-shop/09721561
auto-body-shop,Maaco Auto Body Shop & Painting,(424) 233-0662,13900 S. Western Ave. Gardena CA 90249,13900,https://ezlocal.com/ca/gardena/foreign-auto-repair-shop/092827786
auto-body-shop,AutoZone Auto Parts,(323) 589-6440,1457 E Florence Los Angeles CA 90001,90001,https://ezlocal.com/ca/los-angeles/auto-parts-store/09535630
auto-body-shop,Alvaro's Auto Electric,(323) 587-1705,1247 E Florence Ave Los Angeles CA 90001,90001,https://ezlocal.com/ca/los-angeles/auto-electrical-service/092580347
auto-body-shop,Universal Barber Shop,(323) 588-8141,2558 Zoe Ave Huntington Park CA 90255,90255,https://ezlocal.com/ca/huntington-park/barber-shop/096203791
auto-body-shop,Future Body Shop,(323) 751-1619,6516 S Vermont Ave Los Angeles CA 90044,90044,https://ezlocal.com/ca/los-angeles/automobile-painting/0910375875
auto-body-shop,T & C Auto Body Shop,(310) 644-6074,3836 W 139th St Hawthorne CA 90250,90250,https://ezlocal.com/ca/hawthorne/auto-painting/095450213
auto-body-shop,Yamas Auto Body Shop Inc,(626) 573-5622,949 E Garvey Ave Monterey Park CA 91755,91755,https://ezlocal.com/ca/monterey-park/auto-painting/096136812
auto-body-shop,Pacific Pawn Shop,(323) 583-5777,7653 Pacific Blvd Huntington Park CA 90255,90255,https://ezlocal.com/ca/huntington-park/pawn-shop/097736900
auto-body-shop,Q & L Auto Body Shop,(323) 461-5379,870 N Western Ave Los Angeles CA 90029,90029,https://ezlocal.com/ca/los-angeles/auto-painting/095189995
auto-body-shop,K A Auto Body Shop,(323) 737-1186,3203 W Jefferson Blvd Los Angeles CA 90018,90018,https://ezlocal.com/ca/los-angeles/auto-painting/096197681
auto-body-shop,Johnnie's Auto Body Shop Inc,(310) 397-2962,12231 W Washington Blvd Los Angeles CA 90066,12231,https://ezlocal.com/ca/los-angeles/auto-painting/091993409
auto-body-shop,Al's Auto Spa,(323) 588-4819,1832 E Florence Ave Los Angeles CA 90001,90001,https://ezlocal.com/ca/los-angeles/auto-detailing-service/09354645
auto-body-shop,Magdaleno's Barber Shop,(323) 588-5189,7837 Pacific Blvd Huntington Park CA 90255,90255,https://ezlocal.com/ca/huntington-park/barber-shop/096203789
auto-body-shop,A & I Auto Body Shop,(323) 223-7232,3011 Verdugo Rd Los Angeles CA 90065,90065,https://ezlocal.com/ca/los-angeles/automotive-body-repair-and-painting/096202800
auto-body-shop,La Auto Body Shop Inc,(323) 522-6821,5168 Fountain Ave Los Angeles CA 90029,90029,https://ezlocal.com/ca/los-angeles/automotive-body-repair-and-painting/0915525057
auto-body-shop,V & V Auto Body Shop,(310) 477-5588,11656 W Olympic Blvd Los Angeles CA 90064,11656,https://ezlocal.com/ca/los-angeles/automotive-body-repair-and-painting/096331565
auto-body-shop,Nick's Body Shop,(323) 234-0024,4100 Avalon Blvd Los Angeles CA 90011,90011,https://ezlocal.com/ca/los-angeles/ase-certified/096196199
auto-body-shop,Azul  Pawn Shop,(323) 585-5585,2644 E Florence Ave Huntington Park CA 90255,90255,https://ezlocal.com/ca/huntington-park/pawn-shop/094383675
auto-body-shop,B R Auto Body & Paint Sho,(323) 588-3381,2755 E Slauson Ave Huntington Park CA 90255,90255,https://ezlocal.com/ca/huntington-park/collision-repair/09646327
auto-body-shop,Brother Auto Glass,(323) 564-8638,9651 S. Alameda Street Los Angeles CA 90002,90002,https://ezlocal.com/ca/los-angeles/auto-glass-shop/096359764
auto-body-shop,Japanese Auto Dismantler,(323) 589-3219,5508 Duarte St Los Angeles CA 90058,90058,https://ezlocal.com/ca/los-angeles/driveshaft-shop/091969059
auto-body-shop,Central Auto Parts,(323) 231-7212,5600 S Central Ave Los Angeles CA 90011,90011,https://ezlocal.com/ca/los-angeles/driveshaft-shop/09939309
auto-body-shop,Ashleys Beauty Salon & Barber Shop,(323) 581-2475,6350 Santa Fe Ave Huntington Park CA 90255,90255,https://ezlocal.com/ca/huntington-park/barber-shop/094992018
auto-body-shop,El Gallo Barber Shop,(323) 589-2322,7900 Seville Ave Huntington Park CA 90255,90255,https://ezlocal.com/ca/huntington-park/barber-shop/096203787
auto-body-shop,Magdaleno's Barber Shop,(323) 583-9792,2705 Santa Ana St South Gate CA 90280,90280,https://ezlocal.com/ca/south-gate/barber-shop/096203265
auto-body-shop,Herrera's Machine Shop,(323) 588-1271,5700 Fortuna St Los Angeles CA 90011,90011,https://ezlocal.com/ca/los-angeles/automotive-machine-and-shop-service/0910031294
auto-body-shop,El Puma Auto Electrico,(323) 582-4682,1213 Firestone Blvd Los Angeles CA 90001,90001,https://ezlocal.com/ca/los-angeles/auto-electrical-service/096194035
auto-body-shop,Bath & Body Works,(323) 513-0266,7408 S Alameda St Walnut Park CA 90255-3739,90255-3739,"https://ezlocal.com/ca/walnut-park/hair-&-beauty-supplies,-service-&-equipment/0916757341"
auto-body-shop,Dynamic Barber Shop,(323) 583-8442,2809 E Gage Ave Huntington Park CA 90255,90255,https://ezlocal.com/ca/huntington-park/barber-shop/096203785
auto-body-shop,Tomas Tires Auto Services,(323) 538-7057,1876 E Firestone Blvd Los Angeles CA 90001,90001,https://ezlocal.com/ca/los-angeles/tire-shop/0916251579
auto-body-shop,Best 1 Auto Body Shop,(323) 733-0391,2454 W Washington Blvd Los Angeles CA 90018,90018,https://ezlocal.com/ca/los-angeles/collision-repair/09984816
auto-body-shop,Imax Auto Body Shop Inc,(626) 281-3756,508 Monterey Pass Rd Monterey Park CA 91754,91754,https://ezlocal.com/ca/monterey-park/ase-certified/096137571
auto-body-shop,A-1 Auto Body Shop,(818) 545-0101,4221 San Fernando Rd Glendale CA 91204,91204,https://ezlocal.com/ca/glendale/collision-repair/09578526
auto-body-shop,AutoZone Auto Parts,(323) 584-6153,1262 Firestone Blvd Los Angeles CA 90001,90001,https://ezlocal.com/ca/los-angeles/auto-parts-store/092659268
auto-body-shop,Lopez's Barber Shop,(323) 233-4220,5326 Avalon Blvd Los Angeles CA 90011,90011,https://ezlocal.com/ca/los-angeles/barber-shop/094912479
auto-body-shop,Mercdes Auto Body Shop & Collition,(213) 384-3177,2918 W Temple St Los Angeles CA 90026,90026,https://ezlocal.com/ca/los-angeles/automobile---repairs-and-services/0910375944
auto-body-shop,T & L Auto Body Shop,(626) 444-7757,9840 Alpaca St South El Monte CA 91733,91733,https://ezlocal.com/ca/south-el-monte/automobile-manufacturers-and-distributors/095450595
auto-body-shop,La Tires Auto Body Shop,(323) 937-0579,5100 W Pico Blvd Los Angeles CA 90019,90019,https://ezlocal.com/ca/los-angeles/tire-retread-regroove-and-repair/099200494
auto-body-shop,Vidalia's Barber & Beauty Shop,(323) 581-3171,2930 E Florence Ave Huntington Park CA 90255,90255,https://ezlocal.com/ca/huntington-park/barber-shop/095599034
auto-body-shop,Alex Auto Repair and Tires,(323) 810-8635,7036 S Central Ave Los Angeles CA 90001,90001,https://ezlocal.com/ca/los-angeles/auto-parts-store/0917086444
auto-body-shop,Forge Auto Body Shop and Collision Center,(562) 463-0466,4219 Rosemead Boulevard Pico Rivera CA 90660,90660,https://ezlocal.com/ca/pico-rivera/foreign-auto-repair-shop/0918439100
auto-body-shop,AutoZone Auto Parts,(323) 234-4788,5858 S Central Ave Los Angeles CA 90001,90001,https://ezlocal.com/ca/los-angeles/auto-parts-store/094295010
auto-body-shop,Brewer's Cycle Shop,(323) 752-8864,347 E Manchester Ave Los Angeles CA 90003,90003,https://ezlocal.com/ca/los-angeles/scooter-repair-shop/096313707
auto-body-shop,Latino Machine Shop,(323) 582-1266,2448 E 52nd St Los Angeles CA 90058,90058,https://ezlocal.com/ca/los-angeles/machine-shop/094913267
auto-body-shop,F.T. Auto Body Repair Shop,(323) 592-0987,606 E Euclid Ave Compton CA 90222,90222,https://ezlocal.com/ca/compton/auto-body-shop/0916241407
auto-body-shop,Jml Auto Body & Paint,(323) 585-6279,6165 Maywood Ave Huntington Park CA 90255,90255,https://ezlocal.com/ca/huntington-park/automobile-painting/0910300124
auto-body-shop,Ramirez Auto Electric,(323) 232-3064,5522 Hooper Ave Los Angeles CA 90011,90011,https://ezlocal.com/ca/los-angeles/auto-electrical-service/095204648
auto-body-shop,Sculptor Body,(323) 923-2860,5725 N Soto St. Huntington Park CA 90255,90255,https://ezlocal.com/ca/huntington-park/weight-loss-service/096343790
auto-body-shop,AP Sign Shop,(323) 586-0206,3025 E Florence Ave Huntington Park CA 90255,90255,https://ezlocal.com/ca/huntington-park/sign-shop/09437695
auto-body-shop,Garcia Tire Shop,(323) 588-8608,2538 E 56th St Huntington Park CA 90255,90255,https://ezlocal.com/ca/huntington-park/used-tire-shop/096203770
auto-body-shop,D & C Auto Body Shop Inc,(626) 279-2811,2121 Rosemead Blvd South El Monte CA 91733,91733,https://ezlocal.com/ca/south-el-monte/automobile-body-shop-equipment-and-supplies/0914425869
auto-body-shop,Auto PRO Auto Supply,(323) 826-9456,1816 Firestone Blvd Los Angeles CA 90001,90001,https://ezlocal.com/ca/los-angeles/automobile-parts-and-supplies-new/0910448586
auto-body-shop,The Gents Barber Shop,(323) 759-0612,7933 S Broadway Los Angeles CA 90003,90003,https://ezlocal.com/ca/los-angeles/barber-shop/096192956
auto-body-shop,LAX Body Shop,(310) 665-9795,"8830 Aviation Blvd, Inglewood CA 90301",90301,https://ezlocal.com/ca/inglewood/auto-body-shop/0917677193
auto-body-shop,Progressive Auto Collision Center,(323) 749-6092,2755 E Slauson Ave Huntington Park CA 90255,90255,https://ezlocal.com/ca/huntington-park/automobile---body-repairs-and-painting/0915435684
auto-body-shop,Alena Skin & Body Care,(323) 835-0882,7130 Pacific Blvd Huntington Park CA 90255-4788,90255-4788,"https://ezlocal.com/ca/huntington-park/hospitals,-clinics-&-medical-centers/0917020799"
auto-body-shop,Teds Auto Glass,(323) 638-2629,6521 S Vermont Avenue Los Angeles CA 90044,90044,https://ezlocal.com/ca/los-angeles/auto-glass-shop/0916084666
auto-body-shop,Hilda's Flower Shop,(323) 750-2767,8426 S Broadway Los Angeles CA 90003,90003,https://ezlocal.com/ca/los-angeles/flower-shop/09280032
auto-body-shop,Wiggins Auto Body,(323) 756-1052,653 W Colden Ave Los Angeles CA 90044,90044,https://ezlocal.com/ca/los-angeles/automotive-body-repair-and-painting/0913248248
auto-body-shop,Advance Auto Parts,(323) 763-4779,2669 Randolph St Huntington Park CA 90255,90255,https://ezlocal.com/ca/huntington-park/auto-parts-store/0917449816
auto-body-shop,Princess Snack Shop,(323) 585-2365,1555 E Florence Ave Los Angeles CA 90001,90001,https://ezlocal.com/ca/los-angeles/convenience-stores/0913835415
auto-body-shop,Firestone Complete Auto Care,(323) 587-6214,2651 E Gage Ave Huntington-Park CA 90255,90255,https://ezlocal.com/ca/huntington-park/auto-service-repair/0910944341
auto-body-shop,Eckoe & Luis Barber Shop,(323) 584-8412,7215 Compton Ave Los Angeles CA 90001,90001,https://ezlocal.com/ca/los-angeles/barber/099574413
auto-body-shop,Nading's Body Shop,(310) 649-6292,826 West Manchester Boulevard Inglewood CA 90301,90301,https://ezlocal.com/ca/inglewood/auto-body-shop/096134952
auto-body-shop,Calif Body Shop,(323) 232-3055,4351 S Broadway Los Angeles CA 90037,90037,https://ezlocal.com/ca/los-angeles/collision-repair/09888038
auto-body-shop,Prime Body Shop,(323) 979-4532,4963 alhambra ave LOS ANGELES CA 90032,90032,https://ezlocal.com/ca/los-angeles/auto-body-shop/0916918981
auto-body-shop,Sal's Mobile Body Shop,(818) 720-3012,5919 Weaver St Los Angeles CA 90042,90042,https://ezlocal.com/ca/los-angeles/auto-body-shop/0917359716
auto-body-shop,New Body Couture,(323) 588-8668,6330 Pacific Blvd Huntington Park CA 90255,90255,https://ezlocal.com/ca/huntington-park/courier-and-delivery-service/0911914460
auto-body-shop,Ruben's Barber Shop & Beauty Salon,(323) 231-5397,4973 S Central Ave Los Angeles CA 90011,90011,https://ezlocal.com/ca/los-angeles/barber-shop/095266006
auto-body-shop,Studio Custom Body Shop,(818) 696-2301,3636 San Fernando Rd Glendale CA 91204,91204,https://ezlocal.com/ca/glendale/auto-body-shop/0914424298
auto-body-shop,Karen Barber Shop,(323) 484-9684,1408 E Florence Ave Los Angeles CA 90001,90001,https://ezlocal.com/ca/los-angeles/barber/0915340350
auto-body-shop,AutoZone Auto Parts,(323) 581-4795,8215 Long Beach Blvd South Gate CA 90280,90280,https://ezlocal.com/ca/south-gate/auto-parts-store/094295097
auto-body-shop,D-1 Auto Body - Tesla Certified Body Shop,(323) 735-2300,1800 W Washington Blvd Los Angeles CA 90007,90007,https://ezlocal.com/ca/los-angeles/auto-body-shop/095085339
auto-body-shop,Home Shop,(323) 588-1147,2619 Zoe Ave Huntington Park CA 90255,90255,https://ezlocal.com/ca/huntington-park/linens-retail/0910031292
auto-body-shop,Osiris's Flower Shop,(310) 855-2780,7230 Maie Ave Los Angeles CA 90001,90001,https://ezlocal.com/ca/los-angeles/florist/094539137
auto-body-shop,AMG Auto Body,(818) 245-6006,513 State Street Glendale CA 91203,91203,https://ezlocal.com/ca/glendale/auto-body-shop/0917508076
auto-body-shop,Pasadena Auto Body,(818) 606-9967,850 S Arroyo Pkwy Pasadena CA 91105,91105,https://ezlocal.com/ca/pasadena/auto-body-shop/0918080768
auto-body-shop,Nelsons Auto Body,(323) 484-9144,10803 S Alameda St Los Angeles CA 90059,10803,https://ezlocal.com/ca/los-angeles/automotive-body-repair-and-painting/0915512540
auto-body-shop,El Corral Animal Shop Inc,(323) 585-0977,2463 E Slauson Ave Huntington Park CA 90255,90255,https://ezlocal.com/ca/huntington-park/new-age-shop/096192195
auto-body-shop,Golden Hammer Auto Body,(310) 479-4311,2231 Butler Ave Los Angeles CA 90064,90064,https://ezlocal.com/ca/los-angeles/auto-body-shop/096331564
auto-body-shop,Fiesta Auto Insurance & Tax Service,(323) 835-6780,6438 Santa Fe Ave. Huntington Park CA 90255,90255,https://ezlocal.com/ca/huntington-park/auto-insurance-agency/0915830126
auto-body-shop,Ron's Auto Body & Paint,(562) 696-8808,Whittier CA 90606,90606,https://ezlocal.com/ca/whittier/auto-body-shop/094684476
auto-body-shop,All Japanese Auto Wrecking Service,(805) 628-6963,2151 E Manchester Ave Los Angeles CA 90001,90001,https://ezlocal.com/ca/los-angeles/auto-wrecking-equipment-supplies/0918122413
auto-body-shop,Aramex Body Shop,(424) 331-9228,144 E Tamarack Ave Inglewood CA 90301,90301,https://ezlocal.com/ca/inglewood/auto-body-shop/0916192895
auto-body-shop,Amigos Pawn Shop,(323) 589-1003,1741 Florence Ave Los Angeles CA 90001,90001,https://ezlocal.com/ca/los-angeles/pawn-shops/097783590
auto-body-shop,Chilton Auto Body Hawthorne,(424) 456-7528,3348 W El Segundo Blvd Hawthorne CA 90250,90250,https://ezlocal.com/ca/hawthorne/auto-body-shop/097852277
auto-body-shop,Manuel's Body Shop,(310) 836-3701,9301 Venice Blvd Culver City CA 90232,90232,https://ezlocal.com/ca/culver-city/auto-body-shop/094029077
auto-body-shop,Marilyn's Flower Shop,(323) 277-9540,1807 E Florence Ave Los Angeles CA 90001,90001,https://ezlocal.com/ca/los-angeles/florist-retail/0910448493
auto-body-shop,Christy's Auto Body Repair,(323) 616-3852,2762 Whittier Boulevard Los Angeles CA 90023,90023,https://ezlocal.com/ca/los-angeles/auto-body-shop/0913095234
auto-body-shop,Lux Auto Body & Paint,(424) 528-2146,16910 S. Western Ave Gardena CA 90247,16910,https://ezlocal.com/ca/gardena/auto-body-shop/098619546
auto-body-shop,Butterfly Cake Shop,(323) 585-8230,1811 E Florence Ave Los Angeles CA 90001,90001,https://ezlocal.com/ca/los-angeles/wedding-cakes/0912303909
auto-body-shop,California Auto Repair Service,(323) 427-7223,2709 Tweedy Blvd South Gate CA 90280,90280,https://ezlocal.com/ca/south-gate/auto-repair-shop/0917138210
auto-body-shop,Privilege Auto Body,(310) 327-9001,18905 Crenshaw Place Torrance CA 90504,18905,https://ezlocal.com/ca/torrance/auto-body-shop/094490610
auto-body-shop,Doug's Auto Body,(310) 533-5055,22410 Normandie Avenue Torrance CA 90502,22410,https://ezlocal.com/ca/torrance/auto-body-shop/096316495
auto-body-shop,Claudia's Bridal Shop,(323) 581-1181,7728 Maie Ave Los Angeles CA 90001,90001,https://ezlocal.com/ca/los-angeles/bridal-shops/099524775
auto-body-shop,America Barber Shop,(323) 585-2566,6524 Compton Ave Los Angeles CA 90001,90001,https://ezlocal.com/ca/los-angeles/barber/0910667956
auto-body-shop,Network Auto Body - Glendale,(818) 696-2803,3716 San Fernando Rd Glendale CA 91204,91204,https://ezlocal.com/ca/glendale/auto-body-shop/097762196
auto-body-shop,Promac Machine Shop,(323) 585-8784,2454 E 52nd St Los Angeles CA 90058,90058,https://ezlocal.com/ca/los-angeles/automotive-machine-and-shop-service/098323536
auto-body-shop,L.A. Auto Body & Fender,(323) 610-3376,223 W Ave 26 Los Angeles CA 90031,90031,https://ezlocal.com/ca/los-angeles/auto-body-shop/099778990
auto-body-shop,Andres Auto Body & Paint,(310) 644-2516,12525 S. PRAIRIE AVE HAWTHORNE CA 90250,12525,https://ezlocal.com/ca/hawthorne/auto-body-shop/096193243
auto-body-shop,Auto Body Clinic,(323) 936-9166,859 N La Brea Ave Los Angeles CA 90038,90038,https://ezlocal.com/ca/los-angeles/auto-body-shop/093852585
auto-body-shop,Network Auto Body,(323) 232-8800,3917 South Broadway Los Angeles CA 90037,90037,https://ezlocal.com/ca/los-angeles/auto-body-shop/098001367
auto-body-shop,Guzman Auto Body,(310) 628-4476,600 N La Brea Ave Inglewood CA 90302,90302,https://ezlocal.com/ca/inglewood/auto-body-shop/097851730
auto-body-shop,Fager's Body Shop,(323) 567-3674,3830 Firestone Blvd South Gate CA 90280,90280,https://ezlocal.com/ca/south-gate/automobile-body-shop-services/0913433735
auto-body-shop,Network Auto Body,(213) 387-7300,3718 Beverly Boulevard Los Angeles CA 90004,90004,https://ezlocal.com/ca/los-angeles/auto-body-shop/097708409
auto-body-shop,Mobile Auto Glass Repair,(562) 281-7072,3141 Iowa Ave South Gate CA 90280,90280,https://ezlocal.com/ca/south-gate/auto-glass-shop/096356971
auto-body-shop,The Professional Body Shop,(323) 312-0634,3813 Florence Ave Bell Gardens CA 90201,90201,https://ezlocal.com/ca/bell-gardens/collision-repair/0976573
auto-body-shop,Paint Body Shop,(323) 992-8855,8955 Atlantic Avenue South Gate CA 90280,90280,https://ezlocal.com/ca/south-gate/auto-body-shop/0916678487
auto-body-shop,Elias Pet Shop,(323) 581-3156,1808 E Florence Ave Los Angeles CA 90001,90001,https://ezlocal.com/ca/los-angeles/pet-supplies-and-pets-retail/096192001
auto-body-shop,Noe's Barber Shop,(323) 586-0983,7408 S Central Ave Los Angeles CA 90001,90001,https://ezlocal.com/ca/los-angeles/barber/0910337652
auto-body-shop,Rick's Auto Body & Paint,(323) 257-3939,4685 York Blvd Los Angeles CA 90041,90041,https://ezlocal.com/ca/los-angeles/auto-body-shop/091075783
auto-body-shop,Bellwood Auto Body,(323) 771-3429,4625 E Gage Ave Bell CA 90201,90201,https://ezlocal.com/ca/bell/auto-body-shop/09714376
auto-body-shop,Mexico Auto Body Work,(323) 612-6015,"2411 Sichel St, Los Angeles CA 90031",90031,https://ezlocal.com/ca/los-angeles/auto-body-shop/0916151373
auto-body-shop,AutoZone Auto Parts,(323) 589-1877,2901 E Florence Ave Huntington Park CA 90255,90255,https://ezlocal.com/ca/huntington-park/auto-parts-store/094295014
auto-body-shop,Moreno Bike Shop,(323) 584-1014,7525 S Central Ave Los Angeles CA 90001,90001,https://ezlocal.com/ca/los-angeles/bicycle-dealer/096194315
auto-body-shop,LUXE Auto Body & Brake Center,(310) 409-4164,4732 Manhattan Beach Blvd Lawndale CA 90260,90260,https://ezlocal.com/ca/lawndale/auto-body-shop/09808767
auto-body-shop,Carrillo Body Shop and Muffler,(310) 940-6792,1515 S. ALAMEDA ST Compton CA 90220,90220,https://ezlocal.com/ca/compton/auto-body-shop/094601869
auto-body-shop,Pato Bravo Body Shop & Fender,(323) 742-7807,15512 Lakewood Boulevard Bellflower CA 90706,15512,https://ezlocal.com/ca/bellflower/auto-body-shop/0916946863
auto-body-shop,Royal Auto Body & Paint,(562) 574-6256,9101 Alondra Boulevard suite c Bellflower CA 90706,90706,https://ezlocal.com/ca/bellflower/auto-body-shop/0918174623
auto-body-shop,Omni Auto Body,(323) 381-5704,5363 Venice Blvd Unit A Los Angeles CA 90019,90019,https://ezlocal.com/ca/los-angeles/auto-body-shop/094654475
auto-body-shop,Magdaleno's Barber Shop,(323) 589-7555,7700 State St Huntington Park CA 90255,90255,https://ezlocal.com/ca/huntington-park/barber-shop/094928556
auto-body-shop,Pacific Auto Body,(424) 208-2113,17014 S Western Ave Gardena CA 90247,17014,https://ezlocal.com/ca/gardena/auto-body-shop/0914445377
auto-body-shop,Concepcion's Tailor Shop,(323) 587-5499,1911 E Gage Ave Los Angeles CA 90001,90001,https://ezlocal.com/ca/los-angeles/tailor/096193989
auto-body-shop,Hi-Quality Auto Body Inc,(626) 457-9114,723 S. Fremont Ave Alahambra CA 91803,91803,https://ezlocal.com/ca/alahambra/auto-body-shop/095951515
auto-body-shop,Jose's Key Shop,(323) 581-9214,7823 S Central Ave Los Angeles CA 90001,90001,https://ezlocal.com/ca/los-angeles/keys/099677123
auto-body-shop,Leonardo's Gift Shop,(323) 585-8930,1911 E Gage Ave Los Angeles CA 90001,90001,https://ezlocal.com/ca/los-angeles/variety-stores/098547260
auto-body-shop,Marina Auto Body,(310) 981-4700,630 S Glasgow Ave Inglewood CA 90301,90301,https://ezlocal.com/ca/inglewood/auto-body-shop/0914016183
auto-body-shop,Mother's Bike Shop,(323) 588-9894,7901 S Central Ave Los Angeles CA 90001,90001,https://ezlocal.com/ca/los-angeles/bicycle-dealer/096194092
auto-body-shop,Jrs Thrift Shop,(213) 306-8113,6113 Holmes Ave Los Angeles CA 90001,90001,https://ezlocal.com/ca/los-angeles/thrift-stores/0915893753
auto-body-shop,Trini's Beauty & Barber Shop,(323) 585-9589,7819 S Central Ave Los Angeles CA 90001,90001,https://ezlocal.com/ca/los-angeles/beauty-salon/096194307
auto-body-shop,Primos Barber Shop,(323) 584-1107,8334 Compton Ave Los Angeles CA 90001,90001,https://ezlocal.com/ca/los-angeles/barber/0910158772
auto-body-shop,Auto Center,(323) 587-3397,6373 S Alameda St Los Angeles CA 90001,90001,https://ezlocal.com/ca/los-angeles/automobile-dismantling-and-recycling/091830657
auto-body-shop,Kenny's Auto Body and Towing,(562) 925-9531,17406 Woodruff Avenue Bellflower CA 90706,17406,https://ezlocal.com/ca/bellflower/auto-body-shop/094665762
auto-body-shop,American Eagle Auto Body & Paint,(323) 664-6770,3921 Fountain Avenue Los Angeles CA 90029,90029,https://ezlocal.com/ca/los-angeles/auto-body-shop/095273419
auto-body-shop,Super Auto Dent Body Inc.,(323) 730-1530,2330 W. Washington Blvd Los Angeles CA 90013,90013,https://ezlocal.com/ca/los-angeles/auto-body-shop/094044751
auto-body-shop,La Smoke Shop,(323) 588-0903,6373 S Alameda St Los Angeles CA 90001,90001,https://ezlocal.com/ca/los-angeles/cigar-cigarette-and-tobacco-dealers-retail/0911498329
auto-body-shop,Crown Coachworks Auto Body & Paint,(310) 575-0700,2122 South Sepulveda Boulevard Los Angeles CA 90025,90025,https://ezlocal.com/ca/los-angeles/auto-body-shop/091147731
auto-body-shop,Garcis Welding Shop,(213) 247-2396,7515 South Central Avenue Los Angeles CA 90001,90001,https://ezlocal.com/ca/los-angeles/welding-supply-store/094471689
auto-body-shop,Warning Skate Shop,(323) 588-7638,8228 S Central Ave Los Angeles CA 90001,90001,https://ezlocal.com/ca/los-angeles/skateboards-and-equipment/098867966
auto-body-shop,D&A Auto Body Repair,(562) 375-1822,13516 Lakewood Blvd Bellflower CA 90706,13516,https://ezlocal.com/ca/bellflower/auto-body-shop/0917295183
auto-body-shop,Car Repair And Body Shop By United Auto Experts,(323) 964-9466,5022 W Pico Blvd Los Angeles CA 90019,90019,https://ezlocal.com/ca/los-angeles/auto-body-shop/099403738
auto-body-shop,Polo's Body & Paint,(323) 758-7225,7813 South Broadway Los Angeles CA 90003,90003,https://ezlocal.com/ca/los-angeles/skin-care-clinic/093579441
auto-body-shop,Mirror Barber Shop,(323) 582-4007,8467 S Central Ave Los Angeles CA 90001,90001,https://ezlocal.com/ca/los-angeles/barber/098372175
auto-body-shop,Cornejo Tires Shop,(323) 233-2566,951 E Vernon Ave Los Angeles CA 90011,90011,https://ezlocal.com/ca/los-angeles/used-tire-shop/096196176
auto-body-shop,Vic's Appliance Shop,(323) 586-0301,8456 S Central Ave Los Angeles CA 90001,90001,https://ezlocal.com/ca/los-angeles/thrift-stores/099403158
auto-body-shop,Del Rey Muffler Shop,(323) 743-9287,1862 E 41st Pl Los Angeles CA 90058,90058,https://ezlocal.com/ca/los-angeles/auto-parts-store/0918129766
auto-body-shop,Marina Auto Body - Washington Blvd,(310) 822-6615,721 Washington Blvd Marina Del Rey CA 90292,90292,https://ezlocal.com/ca/marina-del-rey/auto-body-shop/098136356
auto-body-shop,Auto Locksmith,(323) 513-0795,1985 Firestone Blvd Los Angeles CA 90001,90001,https://ezlocal.com/ca/los-angeles/locks-and-locksmiths/092289136
auto-body-shop,Hector's Auto Repair,(323) 750-3300,7020 S Vermont Ave Los Angeles CA 90044,90044,https://ezlocal.com/ca/los-angeles/auto-repair-shop/099732851
auto-body-shop,Vanity Box Beauty Shop,(323) 582-0316,8465 S Central Ave Los Angeles CA 90001,90001,https://ezlocal.com/ca/los-angeles/beauty-salon/095807699
auto-body-shop,Stroh's Barber Shop,(323) 564-1968,9303 Long Beach Blvd South Gate CA 90280,90280,https://ezlocal.com/ca/south-gate/barber-shop/095415851
auto-body-shop,Fix Auto Bell,(323) 588-1066,3510 E. Gage Avenue Bell CA 90201,90201,https://ezlocal.com/ca/bell/foreign-auto-repair-shop/091258377
auto-body-shop,Badass Mechanical Shop,(562) 203-2217,1959 Firestone Boulevard Los Angeles CA 90001,90001,https://ezlocal.com/ca/los-angeles/member/0916455223
auto-body-shop,Cabanas Tire Shop,(323) 581-1416,1111 Firestone Blvd Los Angeles CA 90001,90001,https://ezlocal.com/ca/los-angeles/tire-dealers-used/0911237961
auto-body-shop,Ramirez Pet Shop,(323) 582-9188,1741 Firestone Blvd Los Angeles CA 90001,90001,https://ezlocal.com/ca/los-angeles/pet-supplies-and-pets-retail/095204684
auto-body-shop,California Auto Rebuilder,(323) 582-1738,5970 Maywood Ave Huntington Park CA 90255,90255,https://ezlocal.com/ca/huntington-park/automobile-body-shop-services/096203771
auto-body-shop,AutoZone Auto Parts,(323) 541-0613,200 W Manchester Ave Los Angeles CA 90003,90003,https://ezlocal.com/ca/los-angeles/auto-parts-store/094294996
auto-body-shop,O'Reilly Auto Parts,(323) 584-4370,1516 E Florence Ave Los Angeles CA 90001-2536,90001-2536,https://ezlocal.com/ca/los-angeles/automobile---parts-&-accessories/094338132
auto-body-shop,Auto Auto Electric,(323) 569-2454,2828 Tweedy Blvd South Gate CA 90280,90280,https://ezlocal.com/ca/south-gate/auto-electrical-service/096204015
auto-body-shop,Emanumel Barber Shop,(323) 835-6565,2516 E Gage Ave Huntington Park CA 90255,90255,https://ezlocal.com/ca/huntington-park/barber/0915942556
auto-body-shop,Cortez Key Shop,(323) 753-8711,315 E Florence Ave Los Angeles CA 90003,90003,https://ezlocal.com/ca/los-angeles/locksmith/0912623937
auto-body-shop,All Brite Custom Auto Body Repair,(626) 359-7440,131 E. Foothill Blvd. Monrovia CA 91016,91016,https://ezlocal.com/ca/monrovia/auto-body-shop/094709315
auto-body-shop,Susy's Bridal Shop,(323) 585-8551,7131 Pacific Blvd Huntington Park CA 90255,90255,https://ezlocal.com/ca/huntington-park/bridal-shops/0911036597
auto-body-shop,Silverado Pawn Shop,(323) 585-6928,2600 E Florence Ave Huntington Park CA 90255,90255,https://ezlocal.com/ca/huntington-park/pawnbrokers/096203127
auto-body-shop,Danny's Auto Painting and Body Work Inc.,(562) 423-5335,5885 N Paramount Blvd Long Beach CA 90805,90805,https://ezlocal.com/ca/long-beach/auto-body-shop/094082722
auto-body-shop,Vns Auto,(323) 484-9544,5530 Bandera St Los Angeles CA 90058,90058,https://ezlocal.com/ca/los-angeles/member/0915427160
auto-body-shop,A & B Auto Body Repair Center,(310) 329-7865,14200 S San Pedro St Los Angeles CA 90061,14200,https://ezlocal.com/ca/los-angeles/auto-body-shop/091066297
auto-body-shop,Christy's Bridal Shop,(323) 587-1173,2562 Zoe Ave Huntington Park CA 90255,90255,https://ezlocal.com/ca/huntington-park/formal-wear-store/09991760
auto-body-shop,Campos Body and Repair,(323) 537-2181,2302 E 96th St Los Angeles CA 90002,90002,https://ezlocal.com/ca/los-angeles/automobile---repairs-and-services/0915831838
