Business Name,Full Name,First Name,Last Name,Street Address,Valid To,State,Zip,Description,Phone Number,Phone Number 1,Email,Business_Site,Social_Media,Record_Type,Category,Rating,Reviews,Source_URL,Detail_Url,Services,Latitude,Longitude,Occupation,Business_Type,Lead_Source,State_Abrv,State_TZ,State_Type,SIC_Sectors,SIC_Categories,SIC_Industries,NAICS_Code,Quick_Occupation,Scraped_date,Meta_Description
Lamar County Board of Education,,,,"100 Victory Lane, Barnesville",,GA,30204,,(770) 358-5891,,,,,Business,,,,https://barnesville.org/list,https://barnesville.org/list/member/barnesville-lamar-county-board-of-education-238,,,,County Government,,barnesville,,,,,,,,,2022-11-22 12:19:50,The easy way to find businesses and members in the Barnesville-Lamar County Chamber of Commerce
"Deck'em Pest Services, Inc",,,,"626 Piedmont Rd, Barnesville",,GA,30204,,(770) 358-9944,,,,,Business,,,,https://barnesville.org/list,https://barnesville.org/list/member/deck-em-pest-services-inc-barnesville-1418,,,,Pest Control,,barnesville,,,,,,,,,2022-11-22 12:19:50,The easy way to find businesses and members in the Barnesville-Lamar County Chamber of Commerce
Crimson Movers,,,,Barnesville,,GA,30204,,(678) 856-5841,,,,,Business,,,,https://barnesville.org/list,https://barnesville.org/list/member/crimson-movers-1385,,,,"Moving & Delivery Services, Real Estate",,barnesville,,,,,,,,,2022-11-22 12:19:50,The easy way to find businesses and members in the Barnesville-Lamar County Chamber of Commerce
Copeland Service Company,,,,"171 Hoyt Rd, Milner",,GA,30257,,(678) 572-7814,,,,,Business,,,,https://barnesville.org/list,https://barnesville.org/list/member/copeland-service-company-1419,,,,Contractors,,barnesville,,,,,,,,,2022-11-22 12:19:50,The easy way to find businesses and members in the Barnesville-Lamar County Chamber of Commerce
Carpet Cure,,,,"115 Zebulon St,, Barnesville",,GA,30204,,(478) 405-9138,,,http://www.mycarpetcure.com,,Business,,,,https://barnesville.org/list,https://barnesville.org/list/member/carpet-cure-45,,,,Cleaning Services,,barnesville,,,,,,,,,2022-11-22 12:19:50,The easy way to find businesses and members in the Barnesville-Lamar County Chamber of Commerce
CJs Carpet Cleaning,,,,,,,30204,,(727) 639-4278,,,http://Www.cjscarpetclean.com,,Business,,,,https://barnesville.org/list,https://barnesville.org/list/member/cjs-carpet-cleaning-1399,,,,Cleaning Services,,barnesville,,,,,,,,,2022-11-22 12:19:50,The easy way to find businesses and members in the Barnesville-Lamar County Chamber of Commerce
Country Oaks Farm & Home Supply,,,,"659 Veterans Parkway, Barnesville",,GA,30204,,(770) 358-1454,,,,,Business,,,,https://barnesville.org/list,https://barnesville.org/list/member/country-oaks-farm-home-supply-1289,,,,"Retail, Farm Supply Store",,barnesville,,,,,,,,,2022-11-22 12:19:50,The easy way to find businesses and members in the Barnesville-Lamar County Chamber of Commerce
City of Milner,,,,"P.O. Box 99/ 100 Greenwood St., Milner",,GA,30257,,(770) 358-1604,,,http://www.milnerga.com,,Business,,,,https://barnesville.org/list,https://barnesville.org/list/member/city-of-milner-milner-47,,,,City Government,,barnesville,,,,,,,,,2022-11-22 12:19:51,The easy way to find businesses and members in the Barnesville-Lamar County Chamber of Commerce
Coldwell Banker Access Realty,,,,,,,30204,,(678) 952-0725,,,https://jtaylor.mycbhomes.com/,,Business,,,,https://barnesville.org/list,https://barnesville.org/list/member/coldwell-banker-access-realty-1369,,,,Real Estate,,barnesville,,,,,,,,,2022-11-22 12:19:51,The easy way to find businesses and members in the Barnesville-Lamar County Chamber of Commerce
"Continental Tire North America, Inc.",,,,"160 Aldora St., Barnesville",,GA,30204,,(770) 358-1150,,,http://www.continental-corporation.com,,Business,,,,https://barnesville.org/list,https://barnesville.org/list/member/continental-tire-north-america-inc-barnesville-50,,,,Manufacturing,,barnesville,,,,,,,,,2022-11-22 12:19:51,The easy way to find businesses and members in the Barnesville-Lamar County Chamber of Commerce
Barnesville Kiwanis Club,,,,"307 Redbud Drive, Barnesville",,GA,30204,,(770) 584-3448,,,,,Business,,,,https://barnesville.org/list,https://barnesville.org/list/member/barnesville-kiwanis-club-103,,,,Community Organization,,barnesville,,,,,,,,,2022-11-22 12:19:51,The easy way to find businesses and members in the Barnesville-Lamar County Chamber of Commerce
"Bankston Lumber Company, Inc.",,,,"941 Veterans Parkway, Barnesville",,GA,30204,,(770) 358-2800,,,http://www.bankstonlumber.com,,Business,,,,https://barnesville.org/list,https://barnesville.org/list/member/bankston-lumber-company-inc-barnesville-21,,,,Lumber & Building Supplies,,barnesville,,,,,,,,,2022-11-22 12:19:51,The easy way to find businesses and members in the Barnesville-Lamar County Chamber of Commerce
Barnesville High and Industrial /Booker  Schools Alumni Association,,,,"P.O. Box 833, Barnesville",,GA,30204,,(770) 358-0615,,,,,Business,,,,https://barnesville.org/list,https://barnesville.org/list/member/barnesville-high-and-industrial-booker-schools-alumni-association-26,,,,Education,,barnesville,,,,,,,,,2022-11-22 12:19:51,The easy way to find businesses and members in the Barnesville-Lamar County Chamber of Commerce
Barnesville Marble & Granite Company,,,,"124 Railroad Street, Barnesville",,GA,30204,,(770) 358-1470,,,http://www.barnesvillemarblegranite.com,,Business,,,,https://barnesville.org/list,https://barnesville.org/list/member/barnesville-marble-granite-company-barnesville-29,,,,Funeral Services,,barnesville,,,,,,,,,2022-11-22 12:19:51,The easy way to find businesses and members in the Barnesville-Lamar County Chamber of Commerce
Buggytown Gold & Silver,,,,"789 Vetrans Parkway, Barnesville",,GA,30204,,(770) 560-3138,,,,,Business,,,,https://barnesville.org/list,https://barnesville.org/list/member/buggytown-gold-silver-1374,,,,Retail,,barnesville,,,,,,,,,2022-11-22 12:19:51,The easy way to find businesses and members in the Barnesville-Lamar County Chamber of Commerce
ARCpoint labs of Barnesville,,,,,,,30204,,(470) 592-2109,,,https://arcpointlabs.com/barnesville,,Business,,,,https://barnesville.org/list,https://barnesville.org/list/member/arcpoint-labs-of-barnesville-1396,,,,Health & Rehab,,barnesville,,,,,,,,,2022-11-22 12:19:51,The easy way to find businesses and members in the Barnesville-Lamar County Chamber of Commerce
"Bush Farms, LLC",,,,"271 Bush Rd, Barnesville",,GA,30204,,(770) 358-1311,,,,,Business,,,,https://barnesville.org/list,https://barnesville.org/list/member/bush-farms-llc-barnesville-42,,,,Farm,,barnesville,,,,,,,,,2022-11-22 12:19:51,The easy way to find businesses and members in the Barnesville-Lamar County Chamber of Commerce
Zoe Pediatrics,,,,"231 Hwy 41 N, Barnesville",,GA,30204,,(678) 325-9255,,,http://www.zoepeds.com,,Business,,,,https://barnesville.org/list,https://barnesville.org/list/member/zoe-pediatrics-179,,,,Physician,,barnesville,,,,,,,,,2022-11-22 12:19:51,The easy way to find businesses and members in the Barnesville-Lamar County Chamber of Commerce
1st Franklin Financial,,,,"788 Veterans Parkway, Barnesville",,GA,30204,,(770) 358-4402,,,,,Business,,,,https://barnesville.org/list,https://barnesville.org/list/member/1st-franklin-financial-7,,,,Banking & Financial Services,,barnesville,,,,,,,,,2022-11-22 12:19:51,The easy way to find businesses and members in the Barnesville-Lamar County Chamber of Commerce
Woodmen Life -Chapter 199,,,,Barnesville,,GA,30204,,,,,,,Business,,,,https://barnesville.org/list,https://barnesville.org/list/member/woodmen-life-chapter-199-1325,,,,Community Organization,,barnesville,,,,,,,,,2022-11-22 12:19:51,The easy way to find businesses and members in the Barnesville-Lamar County Chamber of Commerce
WestCare Guidance Center,,,,,,,30204,,(470) 592-3661,,,http://westcare.com,,Business,,,,https://barnesville.org/list,https://barnesville.org/list/member/westcare-guidance-center-1336,,,,"Health & Rehab, Counseling",,barnesville,,,,,,,,,2022-11-22 12:19:51,The easy way to find businesses and members in the Barnesville-Lamar County Chamber of Commerce
"Woodsmith, Inc.",,,,"130 Taylor St., Barnesville",,GA,30204,,(678) 359-1303,,,,,Business,,,,https://barnesville.org/list,https://barnesville.org/list/member/woodsmith-inc-barnesville-178,,,,"Cabinets, Counters, Etc.",,barnesville,,,,,,,,,2022-11-22 12:19:51,The easy way to find businesses and members in the Barnesville-Lamar County Chamber of Commerce
"William D. Lindsey, Attorney",,,,"342 College Dr., Barnesville",,GA,30204,,(770) 358-1188,,,,,Business,,,,https://barnesville.org/list,https://barnesville.org/list/member/william-d-lindsey-attorney-barnesville-176,,,,Attorney,,barnesville,,,,,,,,,2022-11-22 12:19:51,The easy way to find businesses and members in the Barnesville-Lamar County Chamber of Commerce
Wholesome Handz Inc.,,,,,,,30204,,(678) 429-8405,,,http://www.wholesomehandzinc.com,,Business,,,,https://barnesville.org/list,https://barnesville.org/list/member/wholesome-handz-inc-1375,,,,Cleaning Services,,barnesville,,,,,,,,,2022-11-22 12:19:51,The easy way to find businesses and members in the Barnesville-Lamar County Chamber of Commerce
Waller Transport,,,,"244 Johnstonville Rd, BARNESVILLE",,GA,30204,,6785880560,,,,,Business,,,,https://barnesville.org/list,https://barnesville.org/list/member/waller-transport-1344,,,,Manufacturing,,barnesville,,,,,,,,,2022-11-22 12:19:51,The easy way to find businesses and members in the Barnesville-Lamar County Chamber of Commerce
William S. Cherry Jr.,,,,"210 Taylor Street, #B, Barnesville",,GA,30204,,(214) 288-9838,,,,,Business,,,,https://barnesville.org/list,https://barnesville.org/list/member/william-s-cherry-jr-barnesville-219,,,,,,barnesville,,,,,,,,,2022-11-22 12:19:51,The easy way to find businesses and members in the Barnesville-Lamar County Chamber of Commerce
"Ag South Farm Credit, ACA",,,,"620 North Church St., Thomaston",,GA,30286,,(706) 647-8991,,,http://www.agsouthfc.com,,Business,,,,https://barnesville.org/list,https://barnesville.org/list/member/ag-south-farm-credit-thomaston-12,,,,Insurance,,barnesville,,,,,,,,,2022-11-22 12:19:51,The easy way to find businesses and members in the Barnesville-Lamar County Chamber of Commerce
Advanced Roofing and Interiors,,,,Barnesville,,GA,30204,,(678) 521-9747,,,http://Advancedroofingandinteriors.com/,,Business,,,,https://barnesville.org/list,https://barnesville.org/list/member/advanced-roofing-and-interiors-1380,,,,"Roofing, Contractors",,barnesville,,,,,,,,,2022-11-22 12:19:51,The easy way to find businesses and members in the Barnesville-Lamar County Chamber of Commerce
Arete Canine LLC,,,,"454 Forysth Yatesville Rd, Culloden",,GA,31016,,(678) 915-8255,,,,,Business,,,,https://barnesville.org/list,https://barnesville.org/list/member/arete-canine-llc-1339,,,,Dog Training,,barnesville,,,,,,,,,2022-11-22 12:19:51,The easy way to find businesses and members in the Barnesville-Lamar County Chamber of Commerce
Ask Dave Realty,,,,Barnesville,,GA,30204,,(404) 801-6855,,,http://www.AlwaysAskDave.com,,Business,,,,https://barnesville.org/list,https://barnesville.org/list/member/ask-dave-realty-1340,,,,Real Estate,,barnesville,,,,,,,,,2022-11-22 12:19:51,The easy way to find businesses and members in the Barnesville-Lamar County Chamber of Commerce
Area 52,,,,,,,92646,,(949) 981-8669,,,https://area52.com/,,Business,,,,https://barnesville.org/list,https://barnesville.org/list/member/area-52-1391,,,,Health & Rehab,,barnesville,,,,,,,,,2022-11-22 12:19:51,The easy way to find businesses and members in the Barnesville-Lamar County Chamber of Commerce
Antiques on Atlanta,,,,"100 Atlanta Street, Barnesville",,GA,30204,,(470) 592-2033,,,,,Business,,,,https://barnesville.org/list,https://barnesville.org/list/member/antiques-on-atlanta-16,,,,"Antiques, Retail",,barnesville,,,,,,,,,2022-11-22 12:19:51,The easy way to find businesses and members in the Barnesville-Lamar County Chamber of Commerce
Barnesville-Lamar County Library,,,,"401 Thomaston St., Barnesville",,GA,30204,,(770) 358-3270,,,http://www.lamarlibrary.org,,Business,,,,https://barnesville.org/list,https://barnesville.org/list/member/barnesville-lamar-county-library-barnesville-36,,,,Community Organization,,barnesville,,,,,,,,,2022-11-22 12:19:51,The easy way to find businesses and members in the Barnesville-Lamar County Chamber of Commerce
"Bottoms Associates, Inc.",,,,"282 Veterans Parkway, Barnesville",,GA,30204,,(770) 358-1344,,,http://www.bottomsassociatesinc.com,,Business,,,,https://barnesville.org/list,https://barnesville.org/list/member/bottoms-associates-inc-barnesville-38,,,,Manufacturing,,barnesville,,,,,,,,,2022-11-22 12:19:51,The easy way to find businesses and members in the Barnesville-Lamar County Chamber of Commerce
"B & H Electric Supply, Inc",,,,"1330 Hwy 41 Bypass, Griffin",,GA,30224,,(678) 688-2799,,,https://www.bhlightinggriffin.com/electric,,Business,,,,https://barnesville.org/list,https://barnesville.org/list/member/b-h-electric-supply-inc-1367,,,,Retail,,barnesville,,,,,,,,,2022-11-22 12:19:52,The easy way to find businesses and members in the Barnesville-Lamar County Chamber of Commerce
"Barnesville Rentals, LLC.",,,,"210 Taylor Street, Barnesville",,GA,30204,,(770) 358-1011,,,http://www.barnesvillerental.com,,Business,,,,https://barnesville.org/list,https://barnesville.org/list/member/barnesville-rentals-llc-31,,,,"Real Estate, Lodging",,barnesville,,,,,,,,,2022-11-22 12:19:52,The easy way to find businesses and members in the Barnesville-Lamar County Chamber of Commerce
Balamo Building Supply,,,,"132 Taylor Street, Barnesville",,GA,30204,,(770) 358-2682,,,http://www.balamo.doitbest.com,,Business,,,,https://barnesville.org/list,https://barnesville.org/list/member/balamo-building-supply-barnesville-20,,,,"Cabinets, Counters, Etc., Lumber & Building Supplies",,barnesville,,,,,,,,,2022-11-22 12:19:52,The easy way to find businesses and members in the Barnesville-Lamar County Chamber of Commerce
Barnesville-Lamar County Chamber of Commerce,,,,,,,30204,,(770) 358-5884,,,,,Business,,,,https://barnesville.org/list,https://barnesville.org/list/member/barnesville-lamar-county-chamber-of-commerce-1287,,,,,,barnesville,,,,,,,,,2022-11-22 12:19:52,The easy way to find businesses and members in the Barnesville-Lamar County Chamber of Commerce
Buggy Town Auction,,,,"1315 Hwy 341 South, Barnesville",,GA,30204,,(678) 972-4599,,,,,Business,,,,https://barnesville.org/list,https://barnesville.org/list/member/buggy-town-auction-1297,,,,"Ranch, Agriculture, Retail",,barnesville,,,,,,,,,2022-11-22 12:19:52,The easy way to find businesses and members in the Barnesville-Lamar County Chamber of Commerce
Barnesville-Lamar Community Foundation,,,,"543 Thomason St., Barnesville",,GA,30204,,(770) 468-0510,,,,,Business,,,,https://barnesville.org/list,https://barnesville.org/list/member/barnesville-lamar-community-foundation-barnesville-34,,,,"Education, Community Organization",,barnesville,,,,,,,,,2022-11-22 12:19:52,The easy way to find businesses and members in the Barnesville-Lamar County Chamber of Commerce
Barnesville Motel,,,,"893 Veterans Parkway, Barnesville",,GA,30204,,(770) 358-9058,,,,,Business,,,,https://barnesville.org/list,https://barnesville.org/list/member/barnesville-motel-barnesville-30,,,,Lodging,,barnesville,,,,,,,,,2022-11-22 12:19:52,The easy way to find businesses and members in the Barnesville-Lamar County Chamber of Commerce
Barnesville Housing Authority,,,,"P.O. Box 158, Barnesville",,GA,30204,,(770) 358-3935,,,,,Business,,,,https://barnesville.org/list,https://barnesville.org/list/member/barnesville-housing-authority-barnesville-25,,,,City Government,,barnesville,,,,,,,,,2022-11-22 12:19:52,The easy way to find businesses and members in the Barnesville-Lamar County Chamber of Commerce
Bankston Roll Off,,,,"189 Murphey Ave., Barnesville",,GA,30204,,(770) 412-2082,,,,,Business,,,,https://barnesville.org/list,https://barnesville.org/list/member/bankston-roll-off-22,,,,Construction Waste Removal,,barnesville,,,,,,,,,2022-11-22 12:19:52,The easy way to find businesses and members in the Barnesville-Lamar County Chamber of Commerce
Barnesville-Lamar County Industrial Development Authority,,,,"100 Commerce Place, Barnesville",,GA,30204,,(770) 872-3773,,,http://choosebarnesvillega.com,,Business,,,,https://barnesville.org/list,https://barnesville.org/list/member/barnesville-lamar-county-industrial-development-authority-35,,,,"County Government , City Government",,barnesville,,,,,,,,,2022-11-22 12:19:52,The easy way to find businesses and members in the Barnesville-Lamar County Chamber of Commerce
"Barnesville Lamar Office Park, LLC.",,,,"888 Thomaston St., Barnesville",,GA,30204,,(404) 310-5498,,,,,Business,,,,https://barnesville.org/list,https://barnesville.org/list/member/barnesville-lamar-office-park-llc-barnesville-28,,,,Office Park,,barnesville,,,,,,,,,2022-11-22 12:19:52,The easy way to find businesses and members in the Barnesville-Lamar County Chamber of Commerce
Ferst Foundation,,,,"P.o. Box 926, Barnesville",,GA,30204,,(770) 584-9200,,,http://www.ferstfoundation.org,,Business,,,,https://barnesville.org/list,https://barnesville.org/list/member/ferst-foundation-barnesville-69,,,,Foundation,,barnesville,,,,,,,,,2022-11-22 12:19:52,The easy way to find businesses and members in the Barnesville-Lamar County Chamber of Commerce
Blue Bear Restoration,,,,"543 Thomaston Street, Barnesville",,GA,30204,,(585) 206-1431,,,http://www.bluebearrestoration.com/,,Business,,,,https://barnesville.org/list,https://barnesville.org/list/member/blue-bear-restoration-1323,,,,"Contractors, Construction Waste Removal",,barnesville,,,,,,,,,2022-11-22 12:19:52,The easy way to find businesses and members in the Barnesville-Lamar County Chamber of Commerce
"Farm Supply, LLC.",,,,"304 Rogers St., Barnesville",,GA,30204,,(770) 358-1813,,,http://www.farmsupplystore.com,,Business,,,,https://barnesville.org/list,https://barnesville.org/list/member/farm-supply-llc-barnesville-67,,,,"Farm Supply Store, Retail",,barnesville,,,,,,,,,2022-11-22 12:19:52,The easy way to find businesses and members in the Barnesville-Lamar County Chamber of Commerce
Kratom.org,,,,"1439 N. Highland Ave #1015, Los Angeles",,CA,90028,,(970) 900-6194,,,https://kratom.org/,,Business,,,,https://barnesville.org/list,https://barnesville.org/list/member/kratom-org-1421,,,,Health & Rehab,,barnesville,,,,,,,,,2022-11-22 12:19:52,The easy way to find businesses and members in the Barnesville-Lamar County Chamber of Commerce
Honeywood Farms,,,,"121 Piedmont Road, Barnesville",,GA,30204,,(770) 358-2701,,,,,Business,,,,https://barnesville.org/list,https://barnesville.org/list/member/honeywood-farms-barnesville-88,,,,"Agriculture, Farm, Ranch, Restaurant, Retail",,barnesville,,,,,,,,,2022-11-22 12:19:52,The easy way to find businesses and members in the Barnesville-Lamar County Chamber of Commerce
Hometown Atlanta Wings,,,,"124 Atlanta street, Suit E, Barnesville",,GA,30204,,(678) 359-1300,,,,,Business,,,,https://barnesville.org/list,https://barnesville.org/list/member/hometown-atlanta-wings-1395,,,,Restaurant,,barnesville,,,,,,,,,2022-11-22 12:19:52,The easy way to find businesses and members in the Barnesville-Lamar County Chamber of Commerce
Home Care Matters,,,,,,,30257,,(478) 994-9535,,,http://www.homecarematters.com,,Business,,,,https://barnesville.org/list,https://barnesville.org/list/member/home-care-matters-1423,,,,Home Care,,barnesville,,,,,,,,,2022-11-22 12:19:52,The easy way to find businesses and members in the Barnesville-Lamar County Chamber of Commerce
Hines Prescription Shop,,,,"302 College Dr., Barnesville",,GA,30204,,(770) 358-2266,,,,,Business,,,,https://barnesville.org/list,https://barnesville.org/list/member/hines-prescription-shop-barnesville-85,,,,Pharmacy,,barnesville,,,,,,,,,2022-11-22 12:19:52,The easy way to find businesses and members in the Barnesville-Lamar County Chamber of Commerce
HG Vending,,,,"165 Murphey Avenue, Barnesville",,GA,30204,,(478) 960-6155,,,http://healthygainsvending.com,,Business,,,,https://barnesville.org/list,https://barnesville.org/list/member/hg-vending-1404,,,,Food Service,,barnesville,,,,,,,,,2022-11-22 12:19:52,The easy way to find businesses and members in the Barnesville-Lamar County Chamber of Commerce
Judy Patton Tax Preparation & Bookkeeping,,,,"298 Lee Street Suite A, Barnesville",,GA,30204,,(770) 358-7157,,,,,Business,,,,https://barnesville.org/list,https://barnesville.org/list/member/judy-patton-tax-preparation-bookkeeping-barnesville-101,,,,Accountants,,barnesville,,,,,,,,,2022-11-22 12:19:52,The easy way to find businesses and members in the Barnesville-Lamar County Chamber of Commerce
Jordan Forest Products,,,,"752 Grove St., Barnesville",,GA,30204,,(770) 358-2440,,,http://www.jordanlumber.com,,Business,,,,https://barnesville.org/list,https://barnesville.org/list/member/jordan-forest-products-100,,,,Lumber & Building Supplies,,barnesville,,,,,,,,,2022-11-22 12:19:52,The easy way to find businesses and members in the Barnesville-Lamar County Chamber of Commerce
James Granum,,,,"864 Thomaston Street, Barnesville",,GA,30204,,,,,,,Business,,,,https://barnesville.org/list,https://barnesville.org/list/member/james-granum-1338,,,,,,barnesville,,,,,,,,,2022-11-22 12:19:52,The easy way to find businesses and members in the Barnesville-Lamar County Chamber of Commerce
Joe & Pat Edwards,,,,Barnesville,,GA,30204,,,,,,,Business,,,,https://barnesville.org/list,https://barnesville.org/list/member/joe-pat-edwards-1410,,,,,,barnesville,,,,,,,,,2022-11-22 12:19:52,The easy way to find businesses and members in the Barnesville-Lamar County Chamber of Commerce
"Jonathan Adams, District Attorney",,,,"625 West Third St. Suite 8, Jackson",,GA,30233,,(770) 504-2407,,,,,Business,,,,https://barnesville.org/list,https://barnesville.org/list/member/jonathan-adams-district-attorney-jackson-99,,,,Attorney,,barnesville,,,,,,,,,2022-11-22 12:19:52,The easy way to find businesses and members in the Barnesville-Lamar County Chamber of Commerce
John's Truck & Trailer,,,,"762 McKenzie Road, Milner",,GA,30257,,(770) 358-1944,,,,,Business,,,,https://barnesville.org/list,https://barnesville.org/list/member/john-s-truck-trailer-1397,,,,"Auto Shop, Towing & Repair",,barnesville,,,,,,,,,2022-11-22 12:19:52,The easy way to find businesses and members in the Barnesville-Lamar County Chamber of Commerce
Georgia Roots Boutique,,,,"786 Veterans Parkway, Barnesville",,GA,30204,,,,,,,Business,,,,https://barnesville.org/list,https://barnesville.org/list/member/georgia-roots-boutique-1394,,,,Retail,,barnesville,,,,,,,,,2022-11-22 12:19:52,The easy way to find businesses and members in the Barnesville-Lamar County Chamber of Commerce
Jen-Tek,,,,"5753 Hwy 85 N #3004, Crestview",,FL,32536,,(770) 584-8400,,,http://www.Jen-tek.com,,Business,,,,https://barnesville.org/list,https://barnesville.org/list/member/jen-tek-crestview-95,,,,Manufacturing,,barnesville,,,,,,,,,2022-11-22 12:19:52,The easy way to find businesses and members in the Barnesville-Lamar County Chamber of Commerce
Gordon State College,,,,"419 College Drive, Barnesville",,GA,30204,,(678) 359-5739,,,http://www.gordonstate.edu,,Business,,,,https://barnesville.org/list,https://barnesville.org/list/member/gordon-state-college-barnesville-78,,,,College,,barnesville,,,,,,,,,2022-11-22 12:19:52,The easy way to find businesses and members in the Barnesville-Lamar County Chamber of Commerce
Goggans Florist,,,,"21 Market Street, Barnesville",,GA,30204,,(770) 358-0243,,,http://goggansflorist.net,,Business,,,,https://barnesville.org/list,https://barnesville.org/list/member/goggans-florist-1288,,,,Florist,,barnesville,,,,,,,,,2022-11-22 12:19:53,The easy way to find businesses and members in the Barnesville-Lamar County Chamber of Commerce
Grain Craft,,,,,,,,,,,,,,Business,,,,https://barnesville.org/list,https://barnesville.org/list/member/grain-craft-1303,,,,Manufacturing,,barnesville,,,,,,,,,2022-11-22 12:19:53,The easy way to find businesses and members in the Barnesville-Lamar County Chamber of Commerce
Georgia Power Company,,,,"10986 GA Hwy 87, Juliette",,GA,31046,,(478) 993-3923,,,http://www.georgiapower.com,,Business,,,,https://barnesville.org/list,https://barnesville.org/list/member/georgia-power-company-1371,,,,Utilities,,barnesville,,,,,,,,,2022-11-22 12:19:53,The easy way to find businesses and members in the Barnesville-Lamar County Chamber of Commerce
Georgia Rural Water Association,,,,"410 Thomaston Street, P.O. Box 383, Barnesville",,GA,30204,,(770) 358-0221,,,http://www.grwa.org/,,Business,,,,https://barnesville.org/list,https://barnesville.org/list/member/georgia-rural-water-association-74,,,,Government Agency,,barnesville,,,,,,,,,2022-11-22 12:19:53,The easy way to find businesses and members in the Barnesville-Lamar County Chamber of Commerce
"GleamPro, L.L.C.",,,,,,,30234,,(678) 774-8250,,,http://gleampro.com/,,Business,,,,https://barnesville.org/list,https://barnesville.org/list/member/gleampro-l-l-c-1342,,,,Cleaning Services,,barnesville,,,,,,,,,2022-11-22 12:19:53,The easy way to find businesses and members in the Barnesville-Lamar County Chamber of Commerce
"Excell Construction Services, LLC",,,,Barnesville,,GA,30204,,(478) 994-8256,,,http://www.excellcs.com,,Business,,,,https://barnesville.org/list,https://barnesville.org/list/member/excell-construction-services-llc-barnesville-1377,,,,Contractors,,barnesville,,,,,,,,,2022-11-22 12:19:53,The easy way to find businesses and members in the Barnesville-Lamar County Chamber of Commerce
English's Antiques & More,,,,"222 Main St, Barnesville",,GA,30204,,(470) 592-2008,,,,,Business,,,,https://barnesville.org/list,https://barnesville.org/list/member/english-s-antiques-more-1416,,,,"Antiques, Retail",,barnesville,,,,,,,,,2022-11-22 12:19:53,The easy way to find businesses and members in the Barnesville-Lamar County Chamber of Commerce
Elements of Healing LLC,,,,"123 Library St, Barnesville",,GA,30204,,(678) 588-1459,,,http://www.elementsofhealing8.com,,Business,,,,https://barnesville.org/list,https://barnesville.org/list/member/elements-of-healing-llc-1409,,,,"Massage & Holistic Services, Counseling",,barnesville,,,,,,,,,2022-11-22 12:19:53,The easy way to find businesses and members in the Barnesville-Lamar County Chamber of Commerce
Elaine Walters,,,,"1430 Crawford Road, Barnesville",,GA,30204,,(770) 358-1996,,,,,Business,,,,https://barnesville.org/list,https://barnesville.org/list/member/elaine-walters-barnesville-195,,,,,,barnesville,,,,,,,,,2022-11-22 12:19:53,The easy way to find businesses and members in the Barnesville-Lamar County Chamber of Commerce
Concard Cart Company,,,,Barnesville,,GA,30204,,(770) 467-7023,,,,,Business,,,,https://barnesville.org/list,https://barnesville.org/list/member/concard-cart-company-1407,,,,"Towing & Repair, Retail",,barnesville,,,,,,,,,2022-11-22 12:19:53,The easy way to find businesses and members in the Barnesville-Lamar County Chamber of Commerce
Connexon,,,,Barnesville,,GA,30204,,(202) 798-3448,,,,,Business,,,,https://barnesville.org/list,https://barnesville.org/list/member/connexon-1381,,,,Utilities,,barnesville,,,,,,,,,2022-11-22 12:19:53,The easy way to find businesses and members in the Barnesville-Lamar County Chamber of Commerce
"Chappell Mill Trees, LLC",,,,"530 Chappell Mill Road, Milner",,GA,30257,,(770) 550-6505,,,,,Business,,,,https://barnesville.org/list,https://barnesville.org/list/member/chappell-mill-trees-llc-milner-46,,,,Agriculture,,barnesville,,,,,,,,,2022-11-22 12:19:53,The easy way to find businesses and members in the Barnesville-Lamar County Chamber of Commerce
Cindy Jones,,,,"161 Holmes St, Barnesville",,GA,30204,,(770) 358-9700,,,,,Business,,,,https://barnesville.org/list,https://barnesville.org/list/member/cindy-jones-1295,,,,Banking & Financial Services,,barnesville,,,,,,,,,2022-11-22 12:19:53,The easy way to find businesses and members in the Barnesville-Lamar County Chamber of Commerce
Chick-fil-A of Griffin,,,,"1000 W Taylor Street, Griffin",,GA,30223,,(770) 227-0716,,,,,Business,,,,https://barnesville.org/list,https://barnesville.org/list/member/chick-fil-a-of-griffin-228,,,,,,barnesville,,,,,,,,,2022-11-22 12:19:53,The easy way to find businesses and members in the Barnesville-Lamar County Chamber of Commerce
Charles  Glass,,,,"359  Sappington Rd, Barnesville",,GA,30204,,(770) 358-5146,,,,,Business,,,,https://barnesville.org/list,https://barnesville.org/list/member/charles-glass-229,,,,,,barnesville,,,,,,,,,2022-11-22 12:19:53,The easy way to find businesses and members in the Barnesville-Lamar County Chamber of Commerce
Dorothy Carter,,,,"323 Forsyth Street, Barnesville",,GA,30204,,(770) 358-7660,,,,,Business,,,,https://barnesville.org/list,https://barnesville.org/list/member/dorothy-carter-barnesville-192,,,,,,barnesville,,,,,,,,,2022-11-22 12:19:53,The easy way to find businesses and members in the Barnesville-Lamar County Chamber of Commerce
Deraney's Two City Tavern,,,,"216 Main Street, Barnesville",,GA,30204,,(770) 358-6737,,,,,Business,,,,https://barnesville.org/list,https://barnesville.org/list/member/deraney-s-two-city-tavern-251,,,,"Restaurant, Bars & Pubs, Event Venue",,barnesville,,,,,,,,,2022-11-22 12:19:53,The easy way to find businesses and members in the Barnesville-Lamar County Chamber of Commerce
"D-Check Developments, Inc.",,,,"161 Chappell Mill Rd., Milner",,GA,30257,,(770) 358-7777,,,http://www.omniarm.com,,Business,,,,https://barnesville.org/list,https://barnesville.org/list/member/d-check-developments-inc-milner-54,,,,Manufacturing,,barnesville,,,,,,,,,2022-11-22 12:19:53,The easy way to find businesses and members in the Barnesville-Lamar County Chamber of Commerce
Dolly Goodpuppy Society,,,,"P.O. Box 361, Barnesville",,GA,30204,,(770) 468-2626,,,,,Business,,,,https://barnesville.org/list,https://barnesville.org/list/member/dolly-goodpuppy-society-1420,,,,"Dog Rescue, Dog Training",,barnesville,,,,,,,,,2022-11-22 12:19:53,The easy way to find businesses and members in the Barnesville-Lamar County Chamber of Commerce
Dr. Eldridge H. Harris,,,,"P.O. Box 257, Barnesville",,GA,30204,,(770) 358-1205,,,,,Business,,,,https://barnesville.org/list,https://barnesville.org/list/member/dr-eldridge-h-harris-barnesville-193,,,,,,barnesville,,,,,,,,,2022-11-22 12:19:53,The easy way to find businesses and members in the Barnesville-Lamar County Chamber of Commerce
Department of Family & Children Services,,,,"122 Westgate Plaza, Barnesville",,GA,30204,,(770) 358-5170,,,https://dfcs.georgia.gov/locations/lamar-county,,Business,,,,https://barnesville.org/list,https://barnesville.org/list/member/department-of-family-children-services-56,,,,Government Agency,,barnesville,,,,,,,,,2022-11-22 12:19:53,The easy way to find businesses and members in the Barnesville-Lamar County Chamber of Commerce
"Dr. Woodall, Wilson, & Manley",,,,"101 Houston St., Barnesville",,GA,30204,,(770) 358-1961,,,https://www.woodallwilsonmanley.com/contact,,Business,,,,https://barnesville.org/list,https://barnesville.org/list/member/dr-woodall-wilson-manley-60,,,,Physician,,barnesville,,,,,,,,,2022-11-22 12:19:53,The easy way to find businesses and members in the Barnesville-Lamar County Chamber of Commerce
Dick Esco,,,,"253 Harrell Circle, Barnesville",,GA,30204,,(770) 468-7779,,,,,Business,,,,https://barnesville.org/list,https://barnesville.org/list/member/dick-esco-1279,,,,,,barnesville,,,,,,,,,2022-11-22 12:19:53,The easy way to find businesses and members in the Barnesville-Lamar County Chamber of Commerce
Loving Hands Community Development Corp.,,,,"186 Walton Rd., Barnesville",,GA,30204,,(770) 358-1720,,,,,Business,,,,https://barnesville.org/list,https://barnesville.org/list/member/loving-hands-community-development-corp-128,,,,"Community Organization, Service Organization",,barnesville,,,,,,,,,2022-11-22 12:19:53,The easy way to find businesses and members in the Barnesville-Lamar County Chamber of Commerce
Lamar County Health Department,,,,"118 Academy Dr. Suite B, Barnesville",,GA,30204,,(770) 358-1483 ext. 4,,,http://district4heatlh.org,,Business,,,,https://barnesville.org/list,https://barnesville.org/list/member/lamar-county-health-department-barnesville-111,,,,County Government,,barnesville,,,,,,,,,2022-11-22 12:19:53,The easy way to find businesses and members in the Barnesville-Lamar County Chamber of Commerce
Lamar County Primary School,,,,"154 Burnette Rd., Barnesville",,GA,30204,,(770) 358-8661,,,http://lamarcountyps.ss8.sharpschool.com/,,Business,,,,https://barnesville.org/list,https://barnesville.org/list/member/lamar-county-primary-school-112,,,,"Education, County Government , Government Agency",,barnesville,,,,,,,,,2022-11-22 12:19:54,The easy way to find businesses and members in the Barnesville-Lamar County Chamber of Commerce
Landmark Materials,,,,"1444 Highway 41 South, Barnesville",,GA,30204,,(478) 607-1026,,,,,Business,,,,https://barnesville.org/list,https://barnesville.org/list/member/landmark-materials-1405,,,,Lumber & Building Supplies,,barnesville,,,,,,,,,2022-11-22 12:19:54,The easy way to find businesses and members in the Barnesville-Lamar County Chamber of Commerce
Loan South Finance & Tax Service,,,,"781 Veterans Parkway, Barnesville",,GA,30204,,(770) 358-3797,,,http://SERVICE LOAN SOUTH,,Business,,,,https://barnesville.org/list,https://barnesville.org/list/member/loan-south-finance-tax-service-barnesville-125,,,,"Retirement Products, Accountants, Banking & Financial Services",,barnesville,,,,,,,,,2022-11-22 12:19:54,The easy way to find businesses and members in the Barnesville-Lamar County Chamber of Commerce
Lamar County Farm Bureau,,,,"820 College Drive, Barnesville",,GA,30204,,(770) 358-2298,,,,,Business,,,,https://barnesville.org/list,https://barnesville.org/list/member/lamar-county-farm-bureau-110,,,,"Agriculture, Insurance",,barnesville,,,,,,,,,2022-11-22 12:19:54,The easy way to find businesses and members in the Barnesville-Lamar County Chamber of Commerce
Lynda Frost,,,,Barnesville,,GA,30204,,(770) 584-7772,,,,,Business,,,,https://barnesville.org/list,https://barnesville.org/list/member/lynda-frost-1390,,,,,,barnesville,,,,,,,,,2022-11-22 12:19:54,The easy way to find businesses and members in the Barnesville-Lamar County Chamber of Commerce
Lighthouse Church of Barnesville,,,,"419 Forsyth Street, Barnesville",,GA,30204,,(770) 468-0784,,,,,Business,,,,https://barnesville.org/list,https://barnesville.org/list/member/lighthouse-church-of-barnesville-1413,,,,Community Organization,,barnesville,,,,,,,,,2022-11-22 12:19:54,The easy way to find businesses and members in the Barnesville-Lamar County Chamber of Commerce
"Lamar Arts, Inc.",,,,"P.O. Box 688, Barnesville",,GA,30204,,(770) 358-5888,,,http://www.lamararts.org,,Business,,,,https://barnesville.org/list,https://barnesville.org/list/member/lamar-arts-inc-104,,,,Artists & Galleries,,barnesville,,,,,,,,,2022-11-22 12:19:54,The easy way to find businesses and members in the Barnesville-Lamar County Chamber of Commerce
Lamar County NAACP,,,,"P.O. Box 330, Barnesville",,GA,30204,,(770) 584-4361,,,,,Business,,,,https://barnesville.org/list,https://barnesville.org/list/member/lamar-county-naacp-1292,,,,Government Agency,,barnesville,,,,,,,,,2022-11-22 12:19:54,The easy way to find businesses and members in the Barnesville-Lamar County Chamber of Commerce
LocalProBook,,,,,,,98101,,(206) 623-7638,,,https://www.localprobook.com/,,Business,,,,https://barnesville.org/list,https://barnesville.org/list/member/localprobook-1406,,,,Home Care,,barnesville,,,,,,,,,2022-11-22 12:19:54,The easy way to find businesses and members in the Barnesville-Lamar County Chamber of Commerce
"Little Children of the World, Inc.",,,,"333 Sims St., Barnesville",,GA,30204,,(770) 358-2771,,,http://www.littlechildren.org,,Business,,,,https://barnesville.org/list,https://barnesville.org/list/member/little-children-of-the-world-inc-barnesville-124,,,,"Service Organization, Community Organization",,barnesville,,,,,,,,,2022-11-22 12:19:54,The easy way to find businesses and members in the Barnesville-Lamar County Chamber of Commerce
Lamar Soil and Water Conservation District,,,,"231 Hwy. 41 North Suite B, Barnesville",,GA,30204,,(770) 358-0787 ext. 3,,,,,Business,,,,https://barnesville.org/list,https://barnesville.org/list/member/lamar-soil-and-water-conservation-district-barnesville-113,,,,County Government,,barnesville,,,,,,,,,2022-11-22 12:19:54,The easy way to find businesses and members in the Barnesville-Lamar County Chamber of Commerce
Lamar County Family Connection Collaborative,,,,"122 Westgate Plaza, Barnesville",,GA,30204,,(678) 572-8286,,,,,Business,,,,https://barnesville.org/list,https://barnesville.org/list/member/lamar-county-family-connection-collaborative-barnesville-109,,,,"County Government , Service Organization",,barnesville,,,,,,,,,2022-11-22 12:19:54,The easy way to find businesses and members in the Barnesville-Lamar County Chamber of Commerce
Village Photography,,,,"640 Atlanta Street, Suite F, Barnesville",,GA,30204,,(678) 359-1365,,,http://www.villagephotography.com,,Business,,,,https://barnesville.org/list,https://barnesville.org/list/member/village-photography-1298,,,,"Retail, Professional Services",,barnesville,,,,,,,,,2022-11-22 12:19:54,The easy way to find businesses and members in the Barnesville-Lamar County Chamber of Commerce
Veterans of Foreign Wars Post Home of Barnesville,,,,"361 Old 41 North, Barnesville",,GA,30204,,(770) 358-6612,,,,,Business,,,,https://barnesville.org/list,https://barnesville.org/list/member/veterans-of-foreign-wars-post-home-of-barnesville-170,,,,Bars & Pubs,,barnesville,,,,,,,,,2022-11-22 12:19:54,The easy way to find businesses and members in the Barnesville-Lamar County Chamber of Commerce
Team One Real Estate,,,,"538 College Dr., Barnesville",,GA,30204,,(770) 358-0001,,,http://www.teamonega.com,,Business,,,,https://barnesville.org/list,https://barnesville.org/list/member/team-one-real-estate-barnesville-159,,,,Real Estate,,barnesville,,,,,,,,,2022-11-22 12:19:54,The easy way to find businesses and members in the Barnesville-Lamar County Chamber of Commerce
Teresa Williams,,,,"801 W. Gordon Street, Thomaston",,GA,30286,,(706) 741-8649,,,,,Business,,,,https://barnesville.org/list,https://barnesville.org/list/member/teresa-williams-1284,,,,Catering,,barnesville,,,,,,,,,2022-11-22 12:19:54,The easy way to find businesses and members in the Barnesville-Lamar County Chamber of Commerce
Tailgaters,,,,"534 College Drive, Barnesville",,GA,30204,,(678) 359-1425,,,,,Business,,,,https://barnesville.org/list,https://barnesville.org/list/member/tailgaters-1372,,,,"Restaurant, Bars & Pubs, Catering, Event Venue, Food Service, Take-out",,barnesville,,,,,,,,,2022-11-22 12:19:55,The easy way to find businesses and members in the Barnesville-Lamar County Chamber of Commerce
University of Georgia-Griffin Campus,,,,"1109 Experiment St., Griffin",,GA,30223,,(770) 228-7263,,,http://www.griffin.uga.edu,,Business,,,,https://barnesville.org/list,https://barnesville.org/list/member/university-of-georgia-griffin-campus-griffin-168,,,,University,,barnesville,,,,,,,,,2022-11-22 12:19:55,The easy way to find businesses and members in the Barnesville-Lamar County Chamber of Commerce
Upson Regional Medical Center,,,,"801 W. Gordon Street, Thomaston",,GA,30286,,(706) 647-8111,,,http://www.urmc.org,,Business,,,,https://barnesville.org/list,https://barnesville.org/list/member/upson-regional-medical-center-169,,,,Physician,,barnesville,,,,,,,,,2022-11-22 12:19:55,The easy way to find businesses and members in the Barnesville-Lamar County Chamber of Commerce
United Bank,,,,"308 Thomaston St., Barnesville",,GA,30204,,(770) 358-7211,,,http://www.accessunited.com,,Business,,,,https://barnesville.org/list,https://barnesville.org/list/member/united-bank-167,,,,Banking & Financial Services,,barnesville,,,,,,,,,2022-11-22 12:19:55,The easy way to find businesses and members in the Barnesville-Lamar County Chamber of Commerce
UGA Extension/Lamar County,,,,"118 Academy Drive, Suite A, Barnesville",,GA,30204,,(770) 358-5163,,,https://www.facebook.com/Lamar-County-4-H-UGA-Extension-104695254711518,,Business,,,,https://barnesville.org/list,https://barnesville.org/list/member/uga-extension-lamar-county-108,,,,County Government,,barnesville,,,,,,,,,2022-11-22 12:19:55,The easy way to find businesses and members in the Barnesville-Lamar County Chamber of Commerce
The Georgia Hometown Reality-The Sims Team,,,,"39 Market St., Barnesville",,GA,30204,,(770) 468-6736,,,http://www.thesimsteamrealestate.com,,Business,,,,https://barnesville.org/list,https://barnesville.org/list/member/the-georgia-hometown-reality-the-sims-team-1277,,,,Real Estate,,barnesville,,,,,,,,,2022-11-22 12:19:55,The easy way to find businesses and members in the Barnesville-Lamar County Chamber of Commerce
Thompson Veterinary Services,,,,"510 Rose Ave., Barnesville",,GA,30204,,(470) 223-8387,,,http://www.thompsonvetservice.com,,Business,,,,https://barnesville.org/list,https://barnesville.org/list/member/thompson-veterinary-services-162,,,,Veterinary Services,,barnesville,,,,,,,,,2022-11-22 12:19:55,The easy way to find businesses and members in the Barnesville-Lamar County Chamber of Commerce
Three Rivers Regional Commission,,,,"120 North Hill Street/P.O. Box 818, Griffin",,GA,30224,,(678) 692-0510,,,http://www.threeriversrc.com,,Business,,,,https://barnesville.org/list,https://barnesville.org/list/member/three-rivers-regional-commission-griffin-163,,,,Utilities,,barnesville,,,,,,,,,2022-11-22 12:19:55,The easy way to find businesses and members in the Barnesville-Lamar County Chamber of Commerce
"Turf Maintenance, Inc.",,,,"719 High Falls Park Rd., Barnesville",,GA,30204,,(770) 584-6196,,,,,Business,,,,https://barnesville.org/list,https://barnesville.org/list/member/turf-maintenance-inc-166,,,,Agriculture,,barnesville,,,,,,,,,2022-11-22 12:19:55,The easy way to find businesses and members in the Barnesville-Lamar County Chamber of Commerce
"Rooks, Waltz, Jackson, & Esary, Inc.",,,,"1120 Zebulon Road, P.O. Box 59, Griffin",,GA,30224,,(770) 227-5008,,,http://www.rwjecpa.com,,Business,,,,https://barnesville.org/list,https://barnesville.org/list/member/rooks-waltz-jackson-esary-inc-123,,,,Accountants,,barnesville,,,,,,,,,2022-11-22 12:19:55,The easy way to find businesses and members in the Barnesville-Lamar County Chamber of Commerce
Promo Vision Advertising,,,,Barnesville,,GA,30204,,(404) 384-1957,,,http://www.pva-tv.com,,Business,,,,https://barnesville.org/list,https://barnesville.org/list/member/promo-vision-advertising-1408,,,,Marketing & Advertising,,barnesville,,,,,,,,,2022-11-22 12:19:55,The easy way to find businesses and members in the Barnesville-Lamar County Chamber of Commerce
Pam's Garden Patch,,,,"100 Southland Drive, Barnesville",,GA,30204,,(770) 358-9895,,,,,Business,,,,https://barnesville.org/list,https://barnesville.org/list/member/pam-s-garden-patch-barnesville-1319,,,,"Catering, Food Service, Restaurant",,barnesville,,,,,,,,,2022-11-22 12:19:55,The easy way to find businesses and members in the Barnesville-Lamar County Chamber of Commerce
Morehouse School of Medicine,,,,"720 West View Dr., Atlanta",,GA,30310,,(404) 752-1500,,,https://www.msm.edu/,,Business,,,,https://barnesville.org/list,https://barnesville.org/list/member/morehouse-school-of-medicine-atlanta-129,,,,"College, Education",,barnesville,,,,,,,,,2022-11-22 12:19:55,The easy way to find businesses and members in the Barnesville-Lamar County Chamber of Commerce
Mr. Septic Tank,,,,"207b Main St, Barnesville",,GA,30204,,(678) 972-8740,,,,,Business,,,,https://barnesville.org/list,https://barnesville.org/list/member/mr-septic-tank-1417,,,,"Contractors, Utilities",,barnesville,,,,,,,,,2022-11-22 12:19:55,The easy way to find businesses and members in the Barnesville-Lamar County Chamber of Commerce
Mark  & Lane Farmer,,,,"668 Ingram Rd., Barnesville",,GA,30204,,(770) 584-9979,,,,,Business,,,,https://barnesville.org/list,https://barnesville.org/list/member/mark-lane-farmer-202,,,,,,barnesville,,,,,,,,,2022-11-22 12:19:55,The easy way to find businesses and members in the Barnesville-Lamar County Chamber of Commerce
Milner Community Library,,,,"159 Main Street, Milner",,GA,30257,,(770) 358-5063,,,https://frrls.net/milnercommunitylibrary,,Business,,,,https://barnesville.org/list,https://barnesville.org/list/member/milner-community-library-1400,,,,Community Organization,,barnesville,,,,,,,,,2022-11-22 12:19:55,The easy way to find businesses and members in the Barnesville-Lamar County Chamber of Commerce
Main Street Advisors Insurance,,,,"201 Main Street , Barnesville",,GA,30204,,(770) 872-2018,,,,,Business,,,,https://barnesville.org/list,https://barnesville.org/list/member/main-street-advisors-insurance-1401,,,,"Insurance , Banking & Financial Services",,barnesville,,,,,,,,,2022-11-22 12:19:55,The easy way to find businesses and members in the Barnesville-Lamar County Chamber of Commerce
Mama's Kitchen,,,,Barnesville,,GA,30204,,(770) 560-3138,,,,,Business,,,,https://barnesville.org/list,https://barnesville.org/list/member/mama-s-kitchen-barnesville-1326,,,,"Restaurant, Food Service, Take-out",,barnesville,,,,,,,,,2022-11-22 12:19:55,The easy way to find businesses and members in the Barnesville-Lamar County Chamber of Commerce
"Mitch's Automotive, Inc.",,,,"334 Yatesville Rd., Barnesville",,GA,30204,,(770) 358-0997,,,http://www.mitchautoinc.com,,Business,,,,https://barnesville.org/list,https://barnesville.org/list/member/mitch-s-automotive-inc-barnesville-127,,,,Auto Shop,,barnesville,,,,,,,,,2022-11-22 12:19:55,The easy way to find businesses and members in the Barnesville-Lamar County Chamber of Commerce
Middle Georgia Environmental,,,,,,,30204,,(770) 584-1565,,,,,Business,,,,https://barnesville.org/list,https://barnesville.org/list/member/middle-georgia-environmental-1337,,,,Construction Waste Removal,,barnesville,,,,,,,,,2022-11-22 12:19:55,The easy way to find businesses and members in the Barnesville-Lamar County Chamber of Commerce
McLeRoy Reality,,,,"200 Plaza Drive, Zebulon",,GA,30295,,(678) 588-5376,,,http://www.mcleroyreality.com,,Business,,,,https://barnesville.org/list,https://barnesville.org/list/member/mcleroy-reality-1411,,,,Real Estate,,barnesville,,,,,,,,,2022-11-22 12:19:55,The easy way to find businesses and members in the Barnesville-Lamar County Chamber of Commerce
Morgan Dairy Golf Course,,,,"470 Morgan Dairy Road, Griffin",,GA,30224,,(770) 358-2221,,,http://morgandairy.com,,Business,,,,https://barnesville.org/list,https://barnesville.org/list/member/morgan-dairy-golf-course-1264,,,,"Agriculture, Farm",,barnesville,,,,,,,,,2022-11-22 12:19:55,The easy way to find businesses and members in the Barnesville-Lamar County Chamber of Commerce
"Piedmont Green Power, LLC",,,,"P.O. Box 130, Barnesville",,GA,30204,,(770) 872-3801,,,,,Business,,,,https://barnesville.org/list,https://barnesville.org/list/member/piedmont-green-power-llc-barnesville-140,,,,Utilities,,barnesville,,,,,,,,,2022-11-22 12:19:55,The easy way to find businesses and members in the Barnesville-Lamar County Chamber of Commerce
"Paws On Pine, LLC",,,,,,,30256,,(706) 601-6296,,,,,Business,,,,https://barnesville.org/list,https://barnesville.org/list/member/paws-on-pine-llc-1403,,,,Agriculture,,barnesville,,,,,,,,,2022-11-22 12:19:55,The easy way to find businesses and members in the Barnesville-Lamar County Chamber of Commerce
Peter Banks,,,,"P.O. Box 10, Barnesville",,GA,30204,,(404) 433-0224,,,,,Business,,,,https://barnesville.org/list,https://barnesville.org/list/member/peter-banks-117,,,,,,barnesville,,,,,,,,,2022-11-22 12:19:55,The easy way to find businesses and members in the Barnesville-Lamar County Chamber of Commerce
Peterbilt of Atlanta,,,,"172 Van Mar Blvd., Jackson",,GA,30233,,(404) 592-9980,,,http://www.peteatlanta.com,,Business,,,,https://barnesville.org/list,https://barnesville.org/list/member/peterbilt-of-atlanta-jackson-138,,,,"Auto Shop, Retail",,barnesville,,,,,,,,,2022-11-22 12:19:56,The easy way to find businesses and members in the Barnesville-Lamar County Chamber of Commerce
Rotary Club of Barnesville,,,,"P.O. Box 303, Barnesville",,GA,30204,,(405) 795-2242,,,,,Business,,,,https://barnesville.org/list,https://barnesville.org/list/member/rotary-club-of-barnesville-146,,,,"Community Organization, Service Organization",,barnesville,,,,,,,,,2022-11-22 12:19:56,The easy way to find businesses and members in the Barnesville-Lamar County Chamber of Commerce
Renee' Callaway- McLeRoy Reality,,,,"200 Plaza Drive, Zebulon",,GA,30295,,(770) 550-8414,,,,,Business,,,,https://barnesville.org/list,https://barnesville.org/list/member/renee-callaway-mcleroy-reality-1414,,,,Real Estate,,barnesville,,,,,,,,,2022-11-22 12:19:56,The easy way to find businesses and members in the Barnesville-Lamar County Chamber of Commerce
"Rock Springs Christian Academy, Inc.",,,,"219 Rock Springs Rd., Milner",,GA,30257,,(678) 692-0192,,,http://www.rsca.info,,Business,,,,https://barnesville.org/list,https://barnesville.org/list/member/rock-springs-christian-academy-inc-milner-145,,,,Education,,barnesville,,,,,,,,,2022-11-22 12:19:56,The easy way to find businesses and members in the Barnesville-Lamar County Chamber of Commerce
SIPM ROOFING,,,,"315 Mott Rd , Barnesville",,GA,30204,,(470) 303-5972,,,,,Business,,,,https://barnesville.org/list,https://barnesville.org/list/member/sipm-roofing-1388,,,,Roofing,,barnesville,,,,,,,,,2022-11-22 12:19:56,The easy way to find businesses and members in the Barnesville-Lamar County Chamber of Commerce
Southern Rivers Energy,,,,"1367 Hwy. 341 South, Barnesville",,GA,30204,,(770) 358-1383,,,http://www.southernriversenergy.com,,Business,,,,https://barnesville.org/list,https://barnesville.org/list/member/southern-rivers-energy-barnesville-151,,,,Utilities,,barnesville,,,,,,,,,2022-11-22 12:19:56,The easy way to find businesses and members in the Barnesville-Lamar County Chamber of Commerce
Steady Flo Plumbing & Septic,,,,,,,30204,,(478) 960-8571,,,http://Steadyfloplumbing.com,,Business,,,,https://barnesville.org/list,https://barnesville.org/list/member/steady-flo-plumbing-septic-1422,,,,Professional Services,,barnesville,,,,,,,,,2022-11-22 12:19:56,The easy way to find businesses and members in the Barnesville-Lamar County Chamber of Commerce
Sandra Puckett,,,,"P.O. Box 206, Barnesville",,GA,30204,,(404) 406-1932,,,,,Business,,,,https://barnesville.org/list,https://barnesville.org/list/member/sandra-puckett-1330,,,,,,barnesville,,,,,,,,,2022-11-22 12:19:56,The easy way to find businesses and members in the Barnesville-Lamar County Chamber of Commerce
"Sugar Shack Weddings & Events, LLC",,,,"301 Martin Dairy Rd, Milner",,GA,30257,,(770) 318-1782,,,https://www.sugarshackfarmsmilner.com/,,Business,,,,https://barnesville.org/list,https://barnesville.org/list/member/sugar-shack-weddings-events-llc-1402,,,,Event Venue,,barnesville,,,,,,,,,2022-11-22 12:19:56,The easy way to find businesses and members in the Barnesville-Lamar County Chamber of Commerce
State Farm Insurance,,,,"943 Thomaston St., Barnesville",,GA,30204,,(770) 358-1108,,,http://www.phillipbellagency.com,,Business,,,,https://barnesville.org/list,https://barnesville.org/list/member/state-farm-insurance-barnesville-153,,,,Insurance,,barnesville,,,,,,,,,2022-11-22 12:19:56,The easy way to find businesses and members in the Barnesville-Lamar County Chamber of Commerce
Sapphire Hills LLC,,,,,,,30204,,(770) 468-1849,,,http://www.sapphirehillswater.com,,Business,,,,https://barnesville.org/list,https://barnesville.org/list/member/sapphire-hills-llc-1329,,,,"Food Service, Professional Services, Water Delivery Service",,barnesville,,,,,,,,,2022-11-22 12:19:56,The easy way to find businesses and members in the Barnesville-Lamar County Chamber of Commerce
Southern Crescent Technical College,,,,"501 Varsity Road, Griffin",,GA,30223,,(770) 229-3466,,,http://www.sctech.edu,,Business,,,,https://barnesville.org/list,https://barnesville.org/list/member/southern-crescent-technical-college-150,,,,College,,barnesville,,,,,,,,,2022-11-22 12:19:56,The easy way to find businesses and members in the Barnesville-Lamar County Chamber of Commerce
St. George's Episcopal School,,,,"103 Birch Street, Milner",,GA,30257,,(770) 358-9432,,,http://www.sges.org,,Business,,,,https://barnesville.org/list,https://barnesville.org/list/member/st-george-s-episcopal-school-milner-152,,,,Education,,barnesville,,,,,,,,,2022-11-22 12:19:56,The easy way to find businesses and members in the Barnesville-Lamar County Chamber of Commerce
"Southern Nursery Products, Inc.",,,,"2061 Hwy 341 South, Yatesville",,GA,31097,,(770) 358-0365,,,https://www.snptrees.com/index.html,,Business,,,,https://barnesville.org/list,https://barnesville.org/list/member/southern-nursery-products-inc-181,,,,"Agriculture, Farm, Ranch",,barnesville,,,,,,,,,2022-11-22 12:19:56,The easy way to find businesses and members in the Barnesville-Lamar County Chamber of Commerce
Sun Solace,,,,"305 Thomaston Street, Barnesville",,GA,30204,,(770) 358-7890,,,,,Business,,,,https://barnesville.org/list,https://barnesville.org/list/member/sun-solace-1281,,,,Beauty Salons,,barnesville,,,,,,,,,2022-11-22 12:19:56,The easy way to find businesses and members in the Barnesville-Lamar County Chamber of Commerce
Two Moo’s Coffee and Creamery,,,,,,,30204,,(678) 858-9349,,,,,Business,,,,https://barnesville.org/list,https://barnesville.org/list/member/two-moo-s-coffee-and-creamery-1383,,,,"Food Service, Catering, Retail, Take-out",,barnesville,,,,,,,,,2022-11-22 12:19:56,The easy way to find businesses and members in the Barnesville-Lamar County Chamber of Commerce
The Barber Chair,,,,"103 Main Street, Banresville",,GA,30204,,(770) 402-4090,,,,,Business,,,,https://barnesville.org/list,https://barnesville.org/list/member/the-barber-chair-1309,,,,Beauty Salons,,barnesville,,,,,,,,,2022-11-22 12:19:56,The easy way to find businesses and members in the Barnesville-Lamar County Chamber of Commerce
Town of Aldora,,,,"P.O. Box 158, Barnesville",,GA,30204,,(770) 358-3935,,,,,Business,,,,https://barnesville.org/list,https://barnesville.org/list/member/town-of-aldora-165,,,,City Government,,barnesville,,,,,,,,,2022-11-22 12:19:56,The easy way to find businesses and members in the Barnesville-Lamar County Chamber of Commerce
"The Law Office of David G. Brisendine, III",,,,"9451 Hwy 19 North, ZEBULON",,GA,30295,,(770) 567-3080,,,http://dgblawfirm.com,,Business,,,,https://barnesville.org/list,https://barnesville.org/list/member/the-law-office-of-david-g-brisendine-iii-1386,,,,"Law Firm, Attorney",,barnesville,,,,,,,,,2022-11-22 12:19:56,The easy way to find businesses and members in the Barnesville-Lamar County Chamber of Commerce
Towaliga CASA,,,,,,,30204,,(770) 358-5629,,,http://www.gacasa.org,,Business,,,,https://barnesville.org/list,https://barnesville.org/list/member/towaliga-casa-1299,,,,Service Organization,,barnesville,,,,,,,,,2022-11-22 12:19:56,The easy way to find businesses and members in the Barnesville-Lamar County Chamber of Commerce
Taylor & Main Antiques,,,,"230 E Main St, Barnesville",,GA,30204,,(678) 359-1500,,,https://www.facebook.com/taylorandmainantiques,,Business,,,,https://barnesville.org/list,https://barnesville.org/list/member/taylor-main-antiques-1382,,,,"Antiques, Retail",,barnesville,,,,,,,,,2022-11-22 12:19:56,The easy way to find businesses and members in the Barnesville-Lamar County Chamber of Commerce
The City of Barnesville,,,,Barnesville,,GA,30204,,(770) 358-0181,,,,,Business,,,,https://barnesville.org/list,https://barnesville.org/list/member/the-city-of-barnesville-1373,,,,City Government,,barnesville,,,,,,,,,2022-11-22 12:19:56,The easy way to find businesses and members in the Barnesville-Lamar County Chamber of Commerce
The Herald-Gazette,,,,"P.O. Box 220, Barnesville",,GA,30204,,(770) 358-6397,,,http://www.barnesville.com,,Business,,,,https://barnesville.org/list,https://barnesville.org/list/member/the-herald-gazette-barnesville-82,,,,Marketing & Advertising,,barnesville,,,,,,,,,2022-11-22 12:19:56,The easy way to find businesses and members in the Barnesville-Lamar County Chamber of Commerce
