Searched Profession,Searched Location,Detail Url,Name,Phone Number,Street Address,City,State,State_abbr,Zip Code
advisor,"Los Angeles, CA",https://411.info/business/Transworld-Business-Advisors-of-Santa-Monica-Los-Angeles-CA-31340934,Transworld Business Advisors of Santa Monica,(424) 259-1348,"9301 Wilshire Blvd., Suite 508",Los Angeles,California,CA,90210
advisor,"Los Angeles, CA",https://411.info/business/Dimensional-Fund-Advisors-Los-Angeles-CA-19772379,Dimensional Fund Advisors,(310) 442-9097,12300 Wilshire Blvd,Los Angeles,California,CA,90025-1020
advisor,"Los Angeles, CA",https://411.info/business/Montgomery-Clark-Advisors-Los-Angeles-CA-20801095,Montgomery Clark Advisors,(310) 443-7711,10877 Wilshire Blvd,Los Angeles,California,CA,90024-4341
advisor,"Los Angeles, CA",https://411.info/business/Trends-Retail-Advisors-Los-Angeles-CA-12015523,Trends Retail Advisors,(310) 689-7212,1100 Glendon Ave,Los Angeles,California,CA,90024-3503
advisor,"Los Angeles, CA",https://411.info/business/Edward-Jones-Financial-Advisor-Dwight-S-Gimenez-Los-Angeles-CA-20597769,Edward Jones - Financial Advisor: Dwight S Gimenez,(323) 466-2041,"606 N Larchmont Blvd, Ste 204",Los Angeles,California,CA,90004-1309
advisor,"Los Angeles, CA",https://411.info/business/Asia-Pacific-Capital-Advisors-Los-Angeles-CA-13727071,Asia Pacific Capital Advisors,(213) 680-8811,"345 S Figueroa St, Ste 100",Los Angeles,California,CA,90071-1003
advisor,"Los Angeles, CA",https://411.info/business/Crosswater-Advisors-Los-Angeles-CA-18569857,Crosswater Advisors,(310) 843-9901,601 S Figueroa St,Los Angeles,California,CA,90017-5704
advisor,"Los Angeles, CA",https://411.info/business/Eisenberg-Financial-Advisors-Los-Angeles-CA-18770137,Eisenberg Financial Advisors,(310) 470-8090,"10866 Wilshire Blvd, Ste 650",Los Angeles,California,CA,90024-4360
advisor,"Los Angeles, CA",https://411.info/business/Creekside-Capital-Advisors-Inc-Los-Angeles-CA-15105020,Creekside Capital Advisors Inc,(213) 250-3500,"1200 Wilshire Blvd, Ste 402",Los Angeles,California,CA,90017-1919
advisor,"Los Angeles, CA",https://411.info/business/Recruitment-Advisors-Los-Angeles-CA-10246185,Recruitment Advisors,(323) 525-3400,5670 Wilshire Blvd,Los Angeles,California,CA,90036-5679
advisor,"Los Angeles, CA",https://411.info/business/Preferred-Capital-Advisors-Los-Angeles-CA-2490831,Preferred Capital Advisors,(310) 843-9533,1901 Avenue of the Stars,Los Angeles,California,CA,90067-6001
advisor,"Los Angeles, CA",https://411.info/business/Litchfield-Advisors-Inc-Los-Angeles-CA-1914387,Litchfield Advisors Inc,(323) 634-6200,4929 Wilshire Blvd,Los Angeles,California,CA,90010-3808
advisor,"Los Angeles, CA",https://411.info/business/Mcintosh-Capital-Advisors-Llc-Los-Angeles-CA-4870379,Mcintosh Capital Advisors Llc,(310) 470-4056,10810 National Blvd,Los Angeles,California,CA,90064
advisor,"Los Angeles, CA",https://411.info/business/AXA-Advisors-Los-Angeles-CA-1299032,AXA Advisors,(310) 477-9840,"11845 W Olympic Blvd, Ste 1110W",Los Angeles,California,CA,90064-5085
advisor,"Los Angeles, CA",https://411.info/business/Us-Realty-Advisors-Los-Angeles-CA-20761965,Us Realty Advisors,(818) 224-4675,545 S Figueroa St,Los Angeles,California,CA,90071-1704
advisor,"Los Angeles, CA",https://411.info/business/Ambient-Advisors-Llc-Los-Angeles-CA-25085314,Ambient Advisors Llc,(310) 472-0500,"11999 San Vicente Blvd, Ste 99",Los Angeles,California,CA,90049-5042
advisor,"Los Angeles, CA",https://411.info/business/Lenox-Advisors-Los-Angeles-CA-25374724,Lenox Advisors,(213) 784-6081,"865 S Figueroa St, Ste 2690",Los Angeles,California,CA,90017-5470
advisor,"Los Angeles, CA",https://411.info/business/Kayne-Anderson-Capital-Advisors-Los-Angeles-CA-21785086,Kayne Anderson Capital Advisors,(310) 601-3202,"1800 Avenue Of The Stars, Ste 200",Los Angeles,California,CA,90067-4204
advisor,"Los Angeles, CA",https://411.info/business/R-Witt-Company-Investment-Advisor-Firm-Los-Angeles-CA-22894622,R Witt & Company Investment Advisor Firm,(310) 443-4107,10940 Wilshire Blvd,Los Angeles,California,CA,90024-3915
advisor,"Los Angeles, CA",https://411.info/business/Eagle-Advisors-Los-Angeles-CA-21421311,Eagle Advisors,(310) 659-3838,8875 Collingwood Dr,Los Angeles,California,CA,90069-1217
advisor,"Los Angeles, CA",https://411.info/business/Tierra-West-Advisors-Llc-Los-Angeles-CA-129625,Tierra West Advisors Llc,(323) 261-8676,2616 E 3rd St,Los Angeles,California,CA,90033-4125
advisor,"Los Angeles, CA",https://411.info/business/Hub-International-Private-Client-Advisors-Group-Los-Angeles-CA-35669,Hub International Private Client Advisors Group,(213) 996-4000,700 S Flower St,Los Angeles,California,CA,90017-4101
advisor,"Los Angeles, CA",https://411.info/business/Washington-Realty-Advisors-Los-Angeles-CA-15737053,Washington Realty Advisors,(310) 642-1880,"7135 W Manchester Ave, Ste 3",Los Angeles,California,CA,90045-3550
advisor,"Los Angeles, CA",https://411.info/business/Marder-Investment-Advisors-Los-Angeles-CA-10843489,Marder Investment Advisors,(323) 822-9000,,Los Angeles,California,CA,90001
advisor,"Los Angeles, CA",https://411.info/business/Westgate-Horizon-Advisors-Llc-Los-Angeles-CA-14902766,Westgate Horizon Advisors Llc,(213) 625-5955,"333 S Grand Ave, Ste 4100",Los Angeles,California,CA,90071-1571
advisor,"Los Angeles, CA",https://411.info/business/Dorchester-Capital-Advisors-Los-Angeles-CA-7248717,Dorchester Capital Advisors,(310) 402-5090,"11111 Santa Monica Blvd, Ste 1250",Los Angeles,California,CA,90025-0469
advisor,"Los Angeles, CA",https://411.info/business/Dorchester-Advisors-Inc-Los-Angeles-CA-3081879,Dorchester Advisors Inc,(310) 201-7795,1999 Avenue of the Stars,Los Angeles,California,CA,90067-6022
advisor,"Los Angeles, CA",https://411.info/business/Ssr-Realty-Advisors-Inc-Los-Angeles-CA-6650820,Ssr Realty Advisors Inc,(310) 271-3147,467 Arnaz Dr,Los Angeles,California,CA,90048-3966
advisor,"Los Angeles, CA",https://411.info/business/Optimity-Advisors-Los-Angeles-CA-25995010,Optimity Advisors,(310) 954-3046,1100 Glendon Ave,Los Angeles,California,CA,90024-3503
advisor,"Los Angeles, CA",https://411.info/business/Touchstone-Advisors-Inc-Los-Angeles-CA-23659098,Touchstone Advisors Inc,(310) 788-0200,"1999 Avenue Of The Stars, Ste 2520",Los Angeles,California,CA,90067-6028
advisor,"Los Angeles, CA",https://411.info/business/Fresh-Paint-Art-Advisors-Los-Angeles-CA-24065694,Fresh Paint Art Advisors,(323) 931-5835,3507 Enville Pl,Los Angeles,California,CA,90016-5024
advisor,"Los Angeles, CA",https://411.info/business/Lakeside-Capital-Advisors-Lp-Los-Angeles-CA-24699602,Lakeside Capital Advisors Lp,(310) 935-4044,"1801 Century Park E, Ste 2200",Los Angeles,California,CA,90067-2324
advisor,"Los Angeles, CA",https://411.info/business/Innovus-Advisors-Llc-Los-Angeles-CA-24901482,Innovus Advisors Llc,(310) 445-5503,"11766 Wilshire Blvd, Ste 1230",Los Angeles,California,CA,90025-6580
advisor,"Los Angeles, CA",https://411.info/business/Lenox-Advisors-Los-Angeles-CA-27762244,Lenox Advisors,(213) 784-6081,"865 S Figueroa Stste 2690, Fl 26",Los Angeles,California,CA,90001
advisor,"Los Angeles, CA",https://411.info/business/Affluencer-Financial-Advisors-Los-Angeles-CA-29235156,Affluencer Financial Advisors,(310) 730-1330,3415 S Sepulveda Blvd,Los Angeles,California,CA,90034-6060
advisor,"Los Angeles, CA",https://411.info/business/Block-Advisors-Los-Angeles-CA-30493166,Block Advisors,(310) 473-2404,1259 Westwood Blvd,Los Angeles,California,CA,90024-4811
advisor,"Los Angeles, CA",https://411.info/business/Advisors-Lending-Group-Los-Angeles-CA-23568326,Advisors Lending Group,(310) 442-0220,"12424 Wilshire Blvd, Ste 700",Los Angeles,California,CA,90025-1035
advisor,"Los Angeles, CA",https://411.info/business/Portfolio-Advisors-Silverlake-Los-Angeles-CA-29720734,Portfolio Advisors Silverlake,(323) 664-0960,2251 Ronda Vista Dr,Los Angeles,California,CA,90027-4641
advisor,"Los Angeles, CA",https://411.info/business/First-Pacific-Advisors-Los-Angeles-CA-20903949,First Pacific Advisors,(310) 473-0486,"11400 W Olympic Blvd, Ste 1200",Los Angeles,California,CA,90064-1556
advisor,"Los Angeles, CA",https://411.info/business/Brc-Advisors-Los-Angeles-CA-1817250,Brc Advisors,(213) 226-8700,"700 S Flower St, Ste 1400",Los Angeles,California,CA,90017-4201
advisor,"Los Angeles, CA",https://411.info/business/Executive-Advisors-Los-Angeles-CA-9035513,Executive Advisors,(310) 553-0442,2080 Century Park,Los Angeles,California,CA,90067-2001
advisor,"Los Angeles, CA",https://411.info/business/Elite-Advisors-Group-Los-Angeles-CA-14701112,Elite Advisors Group,(213) 389-9750,"3435 Wilshire Blvd, Ste 2500",Los Angeles,California,CA,90010-2011
advisor,"Los Angeles, CA",https://411.info/business/Tmg-Reality-Advisors-Los-Angeles-CA-14331128,Tmg Reality Advisors,(323) 936-1860,"4801 Wilshire Blvd, Ste 101",Los Angeles,California,CA,90010-3812
advisor,"Los Angeles, CA",https://411.info/business/L-S-Advisors-Inc-Los-Angeles-CA-2486844,L & S Advisors Inc,(310) 277-6751,12121 Wilshire Blvd,Los Angeles,California,CA,90025-1123
advisor,"Los Angeles, CA",https://411.info/business/1st-Mortgage-Advisors-Inc-Los-Angeles-CA-12014016,1st Mortgage Advisors Inc.,(310) 477-2345,,Los Angeles,California,CA,90025
advisor,"Los Angeles, CA",https://411.info/business/Eagle-Advisors-Los-Angeles-CA-16949491,Eagle Advisors,(310) 659-6522,8891 Collingwood Dr,Los Angeles,California,CA,90069-1217
advisor,"Los Angeles, CA",https://411.info/business/Absolute-Return-Capital-Advisors-Llc-Los-Angeles-CA-6058162,Absolute Return Capital Advisors Llc,(310) 275-3731,1901 Avenue of the Stars,Los Angeles,California,CA,90067-6001
advisor,"Los Angeles, CA",https://411.info/business/Tierra-West-Advisors-Llc-Los-Angeles-CA-8460490,Tierra West Advisors Llc,(323) 265-4400,2616 E 3rd St,Los Angeles,California,CA,90033-4125
advisor,"Los Angeles, CA",https://411.info/business/Apollo-Advisors-Los-Angeles-CA-2486279,Apollo Advisors,(310) 201-4100,1999 Avenue of the Stars,Los Angeles,California,CA,90067-6022
advisor,"Los Angeles, CA",https://411.info/business/AXA-Advisors-Los-Angeles-CA-13800886,AXA Advisors,(310) 445-0691,"11845 W Olympic Blvd, Ste 1110W",Los Angeles,California,CA,90064-5085
advisor,"Los Angeles, CA",https://411.info/business/Paradigm-Financial-Advisors-Llc-Los-Angeles-CA-13726183,Paradigm Financial Advisors Llc,(213) 382-1200,"3435 Wilshire Blvd, Ste 1100",Los Angeles,California,CA,90010-1912
advisor,"Los Angeles, CA",https://411.info/business/Ocean-Park-Advisors-Llc-Los-Angeles-CA-13208559,Ocean Park Advisors Llc,(310) 670-2093,"6033 W Century Blvd, Ste 1090",Los Angeles,California,CA,90045-6444
advisor,"Los Angeles, CA",https://411.info/business/Kornwasser-Realty-Advisors-Los-Angeles-CA-6082363,Kornwasser Realty Advisors,(323) 965-1510,145 S Fairfax Ave,Los Angeles,California,CA,90036-2166
advisor,"Los Angeles, CA",https://411.info/business/American-Express-Financial-Advisors-Los-Angeles-CA-5464347,American Express Financial Advisors,(310) 242-6655,6080 Center Dr,Los Angeles,California,CA,90045-9209
advisor,"Los Angeles, CA",https://411.info/business/Southland-Realty-Advisors-Inc-Los-Angeles-CA-1892264,Southland Realty Advisors Inc,(310) 442-1414,12121 Wilshire Blvd,Los Angeles,California,CA,90025-1123
advisor,"Los Angeles, CA",https://411.info/business/Bryant-Cantrell-Advisors-Los-Angeles-CA-1818068,Bryant Cantrell Advisors,(213) 614-6880,"880 W 1st St, Apt 314",Los Angeles,California,CA,90012-2430
advisor,"Los Angeles, CA",https://411.info/business/Silver-Oak-Wealth-Advisors-Los-Angeles-CA-16342006,Silver Oak Wealth Advisors,(310) 207-4800,"12121 Wilshire Blvd, Ste 1300",Los Angeles,California,CA,90025-1166
advisor,"Los Angeles, CA",https://411.info/business/Blairwood-Financial-Advisors-Los-Angeles-CA-4871217,Blairwood Financial Advisors,(310) 556-2819,1888 Century Park,Los Angeles,California,CA,90067-1702
advisor,"Los Angeles, CA",https://411.info/business/L-And-J-Tax-Advisors-Corp-Los-Angeles-CA-26279738,L And J Tax Advisors Corp.,(213) 738-7030,"3055 Wilshire Blvd, Ste 730",Los Angeles,California,CA,90010-1131
advisor,"Los Angeles, CA",https://411.info/business/Edward-Jones-Financial-Advisor-Amy-W-Johnson-Los-Angeles-CA-28978648,Edward Jones - Financial Advisor: Amy W Johnson,(310) 477-6327,"11835 W Olympic Blvd, Ste 210",Los Angeles,California,CA,90064-5822
advisor,"Los Angeles, CA",https://411.info/business/Bristol-Capital-Advisors-Llc-Los-Angeles-CA-22738686,Bristol Capital Advisors Llc,(310) 696-0032,"10990 Wilshire Blvd, Ste 1410",Los Angeles,California,CA,90024-3919
advisor,"Los Angeles, CA",https://411.info/business/Edegree-Advisor-Los-Angeles-CA-26354350,Edegree Advisor,(323) 577-8075,100 S Woods Ave,Los Angeles,California,CA,90022
advisor,"Los Angeles, CA",https://411.info/business/First-Pacific-Advisors-Los-Angeles-CA-20903949,First Pacific Advisors,(310) 473-0486,"11400 W Olympic Blvd, Ste 1200",Los Angeles,California,CA,90064-1556
advisor,"Los Angeles, CA",https://411.info/business/Brc-Advisors-Los-Angeles-CA-1817250,Brc Advisors,(213) 226-8700,"700 S Flower St, Ste 1400",Los Angeles,California,CA,90017-4201
advisor,"Los Angeles, CA",https://411.info/business/Executive-Advisors-Los-Angeles-CA-9035513,Executive Advisors,(310) 553-0442,2080 Century Park,Los Angeles,California,CA,90067-2001
advisor,"Los Angeles, CA",https://411.info/business/Elite-Advisors-Group-Los-Angeles-CA-14701112,Elite Advisors Group,(213) 389-9750,"3435 Wilshire Blvd, Ste 2500",Los Angeles,California,CA,90010-2011
advisor,"Los Angeles, CA",https://411.info/business/Tmg-Reality-Advisors-Los-Angeles-CA-14331128,Tmg Reality Advisors,(323) 936-1860,"4801 Wilshire Blvd, Ste 101",Los Angeles,California,CA,90010-3812
advisor,"Los Angeles, CA",https://411.info/business/L-S-Advisors-Inc-Los-Angeles-CA-2486844,L & S Advisors Inc,(310) 277-6751,12121 Wilshire Blvd,Los Angeles,California,CA,90025-1123
advisor,"Los Angeles, CA",https://411.info/business/1st-Mortgage-Advisors-Inc-Los-Angeles-CA-12014016,1st Mortgage Advisors Inc.,(310) 477-2345,,Los Angeles,California,CA,90025
advisor,"Los Angeles, CA",https://411.info/business/Eagle-Advisors-Los-Angeles-CA-16949491,Eagle Advisors,(310) 659-6522,8891 Collingwood Dr,Los Angeles,California,CA,90069-1217
advisor,"Los Angeles, CA",https://411.info/business/Absolute-Return-Capital-Advisors-Llc-Los-Angeles-CA-6058162,Absolute Return Capital Advisors Llc,(310) 275-3731,1901 Avenue of the Stars,Los Angeles,California,CA,90067-6001
advisor,"Los Angeles, CA",https://411.info/business/Tierra-West-Advisors-Llc-Los-Angeles-CA-8460490,Tierra West Advisors Llc,(323) 265-4400,2616 E 3rd St,Los Angeles,California,CA,90033-4125
advisor,"Los Angeles, CA",https://411.info/business/Apollo-Advisors-Los-Angeles-CA-2486279,Apollo Advisors,(310) 201-4100,1999 Avenue of the Stars,Los Angeles,California,CA,90067-6022
advisor,"Los Angeles, CA",https://411.info/business/AXA-Advisors-Los-Angeles-CA-13800886,AXA Advisors,(310) 445-0691,"11845 W Olympic Blvd, Ste 1110W",Los Angeles,California,CA,90064-5085
advisor,"Los Angeles, CA",https://411.info/business/Paradigm-Financial-Advisors-Llc-Los-Angeles-CA-13726183,Paradigm Financial Advisors Llc,(213) 382-1200,"3435 Wilshire Blvd, Ste 1100",Los Angeles,California,CA,90010-1912
advisor,"Los Angeles, CA",https://411.info/business/Ocean-Park-Advisors-Llc-Los-Angeles-CA-13208559,Ocean Park Advisors Llc,(310) 670-2093,"6033 W Century Blvd, Ste 1090",Los Angeles,California,CA,90045-6444
advisor,"Los Angeles, CA",https://411.info/business/Kornwasser-Realty-Advisors-Los-Angeles-CA-6082363,Kornwasser Realty Advisors,(323) 965-1510,145 S Fairfax Ave,Los Angeles,California,CA,90036-2166
advisor,"Los Angeles, CA",https://411.info/business/American-Express-Financial-Advisors-Los-Angeles-CA-5464347,American Express Financial Advisors,(310) 242-6655,6080 Center Dr,Los Angeles,California,CA,90045-9209
advisor,"Los Angeles, CA",https://411.info/business/Southland-Realty-Advisors-Inc-Los-Angeles-CA-1892264,Southland Realty Advisors Inc,(310) 442-1414,12121 Wilshire Blvd,Los Angeles,California,CA,90025-1123
advisor,"Los Angeles, CA",https://411.info/business/Bryant-Cantrell-Advisors-Los-Angeles-CA-1818068,Bryant Cantrell Advisors,(213) 614-6880,"880 W 1st St, Apt 314",Los Angeles,California,CA,90012-2430
advisor,"Los Angeles, CA",https://411.info/business/Silver-Oak-Wealth-Advisors-Los-Angeles-CA-16342006,Silver Oak Wealth Advisors,(310) 207-4800,"12121 Wilshire Blvd, Ste 1300",Los Angeles,California,CA,90025-1166
advisor,"Los Angeles, CA",https://411.info/business/Blairwood-Financial-Advisors-Los-Angeles-CA-4871217,Blairwood Financial Advisors,(310) 556-2819,1888 Century Park,Los Angeles,California,CA,90067-1702
advisor,"Los Angeles, CA",https://411.info/business/L-And-J-Tax-Advisors-Corp-Los-Angeles-CA-26279738,L And J Tax Advisors Corp.,(213) 738-7030,"3055 Wilshire Blvd, Ste 730",Los Angeles,California,CA,90010-1131
advisor,"Los Angeles, CA",https://411.info/business/Edward-Jones-Financial-Advisor-Amy-W-Johnson-Los-Angeles-CA-28978648,Edward Jones - Financial Advisor: Amy W Johnson,(310) 477-6327,"11835 W Olympic Blvd, Ste 210",Los Angeles,California,CA,90064-5822
advisor,"Los Angeles, CA",https://411.info/business/Cfmv-Global-Wealth-Advisors-Los-Angeles-CA-23823726,Cfmv Global Wealth Advisors,(310) 622-1299,"11111 Santa Monica Blvd, Ste 1440",Los Angeles,California,CA,90025-3348
advisor,"Los Angeles, CA",https://411.info/business/Blueprint-Healthcare-Real-Estate-Advisors-Los-Angeles-CA-29744754,Blueprint Healthcare Real Estate Advisors,(310) 893-5085,11900 W Olympic Blvd,Los Angeles,California,CA,90064-1151
advisor,"Los Angeles, CA",https://411.info/business/Wells-Fargo-Advisors-Los-Angeles-CA-29825770,Wells Fargo Advisors,(213) 253-7560,333 S Grand Ave,Los Angeles,California,CA,90071-1504
advisor,"Los Angeles, CA",https://411.info/business/A-Place-For-Mom-Senior-Living-Advisor-Bonnie-Davis-Los-Angeles-CA-30101688,A Place For Mom - Senior Living Advisor Bonnie Davis,(310) 735-0909,,Los Angeles,California,CA,90064-4830
advisor,"Los Angeles, CA",https://411.info/business/Tmg-Realty-Advisors-Los-Angeles-CA-30651722,Tmg Realty Advisors,(323) 936-0936,"4801 Wilshire Blvd, Ste 101",Los Angeles,California,CA,90010-3812
advisor,"Los Angeles, CA",https://411.info/business/California-Insurance-Advisors-Com-Los-Angeles-CA-26543366,California Insurance Advisors Com,(323) 912-0685,2523 Aberdeen Ave,Los Angeles,California,CA,90027-1219
advisor,"Los Angeles, CA",https://411.info/business/Edegree-Advisor-Los-Angeles-CA-26354350,Edegree Advisor,(323) 577-8075,100 S Woods Ave,Los Angeles,California,CA,90022
advisor,"Los Angeles, CA",https://411.info/business/May-Realty-Advisors-Los-Angeles-CA-19567407,May Realty Advisors,(310) 826-5808,11950 San Vicente Blvd,Los Angeles,California,CA,90049-5013
advisor,"Los Angeles, CA",https://411.info/business/American-Express-Financial-Advisors-Los-Angeles-CA-15736259,American Express Financial Advisors,(310) 348-8116,445 S Figueroa St,Los Angeles,California,CA,90071-1602
advisor,"Los Angeles, CA",https://411.info/business/Douglas-Emmett-Realty-Advisors-Los-Angeles-CA-19875381,Douglas Emmett Realty Advisors,(310) 478-3211,10990 Wilshire Blvd,Los Angeles,California,CA,90024-3913
advisor,"Los Angeles, CA",https://411.info/business/May-Realty-Advisors-Los-Angeles-CA-12013610,May Realty Advisors,(310) 442-9287,11950 San Vicente Blvd,Los Angeles,California,CA,90049-5013
advisor,"Los Angeles, CA",https://411.info/business/Capital-Financial-Advisors-Los-Angeles-CA-12013622,Capital Financial Advisors,(310) 444-7191,"11111 Santa Monica Blvd, Ste 580",Los Angeles,California,CA,90025-0437
advisor,"Los Angeles, CA",https://411.info/business/McCormick-Legal-Advisors-Los-Angeles-CA-20068665,McCormick Legal Advisors,(213) 223-1800,550 S Hope St,Los Angeles,California,CA,90071-2627
advisor,"Los Angeles, CA",https://411.info/business/American-Express-Financial-Advisors-Chris-Rylander-Los-Angeles-CA-12608586,American Express Financial Advisors Chris Rylander,(310) 242-5507,6080 Center Dr,Los Angeles,California,CA,90045-9209
advisor,"Los Angeles, CA",https://411.info/business/AXA-Advisors-Los-Angeles-CA-17327548,AXA Advisors,(213) 401-1075,"3435 Wilshire Blvd, Ste 2500",Los Angeles,California,CA,90010-2011
advisor,"Los Angeles, CA",https://411.info/business/Edward-Jones-Financial-Advisor-Brian-D-Yost-Los-Angeles-CA-19463794,Edward Jones - Financial Advisor: Brian D Yost,(310) 476-0835,"221 S Barrington Ave, Apt 104",Los Angeles,California,CA,90049-3339
advisor,"Los Angeles, CA",https://411.info/business/Mellon-Advisors-Los-Angeles-CA-10746376,Mellon Advisors,(213) 553-9850,400 S Hope St,Los Angeles,California,CA,90071-2801
advisor,"Los Angeles, CA",https://411.info/business/Bel-Air-Capital-Advisors-Corp-Los-Angeles-CA-3680732,Bel Air Capital Advisors Corp,(310) 712-0188,"1801 Century Park, Ste 490",Los Angeles,California,CA,90067-2306
advisor,"Los Angeles, CA",https://411.info/business/Empirica-Advisors-Los-Angeles-CA-15306684,Empirica Advisors,(213) 380-0700,"3530 Wilshire Blvd, Ste 1610",Los Angeles,California,CA,90010-2343
advisor,"Los Angeles, CA",https://411.info/business/First-Pacific-Advisors-Los-Angeles-CA-4276014,First Pacific Advisors,(310) 473-0225,"11400 W Olympic Blvd, Ste 1200",Los Angeles,California,CA,90064-1556
advisor,"Los Angeles, CA",https://411.info/business/Pintoresco-Advisors-Los-Angeles-CA-3008193,Pintoresco Advisors,(213) 223-2070,633 W 5th St,Los Angeles,California,CA,90071-2005
advisor,"Los Angeles, CA",https://411.info/business/Corporate-Realty-Advisors-Los-Angeles-CA-628725,Corporate Realty Advisors,(213) 489-6855,445 S Figueroa St,Los Angeles,California,CA,90071-1602
advisor,"Los Angeles, CA",https://411.info/business/Patriot-Advisors-Inc-Los-Angeles-CA-3106815,Patriot Advisors Inc,(323) 874-8850,1537 N Orange Grove Ave,Los Angeles,California,CA,90046-2617
advisor,"Los Angeles, CA",https://411.info/business/Advisors-Llp-Los-Angeles-CA-4275648,Advisors Llp,(310) 440-1064,"11911 San Vicente Blvd, Ste 265",Los Angeles,California,CA,90049-6634
advisor,"Los Angeles, CA",https://411.info/business/Kb-Creative-Advisors-Inc-Los-Angeles-CA-4298652,Kb Creative Advisors Inc,(323) 933-5103,"5410 Wilshire Blvd, Ste 910",Los Angeles,California,CA,90036-4264
advisor,"Los Angeles, CA",https://411.info/business/Centric-Centric-Capital-Advisor-Los-Angeles-CA-26344094,Centric Centric Capital Advisor,(310) 820-7315,,Los Angeles,California,CA,90025
advisor,"Los Angeles, CA",https://411.info/business/Area-Capital-Advisors-Los-Angeles-CA-25529866,Area Capital Advisors,(424) 325-2880,"12121 Wilshire Blvd, Ste 1300",Los Angeles,California,CA,90025-1166
advisor,"Los Angeles, CA",https://411.info/business/Advisors-Llp-Los-Angeles-CA-30464676,Advisors Llp,(310) 472-4111,"11911 San Vicente Blvd, Ste 265",Los Angeles,California,CA,90049-6634
advisor,"Los Angeles, CA",https://411.info/business/Thl-Credit-Advisors-Llc-Los-Angeles-CA-23494092,Thl Credit Advisors Llc,(310) 893-2400,"10880 Wilshire Blvd, Ste 830",Los Angeles,California,CA,90024-4172
advisor,"Los Angeles, CA",https://411.info/business/Hayman-Advisors-Llc-Los-Angeles-CA-21853442,Hayman Advisors Llc,(310) 826-4807,11661 San Vicente Blvd,Los Angeles,California,CA,90049-5103
advisor,"Los Angeles, CA",https://411.info/business/Broxton-Capital-Advisors-Los-Angeles-CA-23229362,Broxton Capital Advisors,(310) 208-2228,1063 Gayley Ave,Los Angeles,California,CA,90024-3401
advisor,"Los Angeles, CA",https://411.info/business/Lenox-Advisors-Inc-Los-Angeles-CA-23607690,Lenox Advisors Inc,(213) 802-0400,"707 Wilshire Blvd, Ste 4900",Los Angeles,California,CA,90017-3611
advisor,"Los Angeles, CA",https://411.info/business/Jasmine-Rose-International-Consulting-Inc-Los-Angeles-CA-19361191,Jasmine Rose International Consulting Inc,(310) 478-5400,,Los Angeles,California,CA,90001
advisor,"Los Angeles, CA",https://411.info/business/Reliant-Tax-Consulting-Los-Angeles-CA-20273307,Reliant Tax Consulting,(213) 384-3179,"3435 Wilshire Blvd, Ste 400",Los Angeles,California,CA,90010-1905
